{"CAR1":{"IKK":0.1095252726,"MEK":0.0889379416,"PI3K":0.2397802284,"PLX":null,"TAK":0.3407635679,"TBK1":0.1344759028,"mTOR":0.2050087307},"CCK81":{"IKK":0.1553993007,"MEK":0.010637465,"PI3K":0.0394310705,"PLX":0.0121160221,"TAK":0.0818217274,"TBK1":0.0375293057,"mTOR":0.1464122088},"COLO320HSR":{"IKK":0.2957005296,"MEK":0.0100914756,"PI3K":0.0276779676,"PLX":0.0152460598,"TAK":0.2018261588,"TBK1":0.0765188393,"mTOR":0.2183149155},"DIFI":{"IKK":null,"MEK":0.1099966923,"PI3K":0.0163528934,"PLX":0.0136478308,"TAK":0.2662737039,"TBK1":0.0752039047,"mTOR":0.1738614714},"HCT116":{"IKK":0.1220292638,"MEK":0.2949472206,"PI3K":0.059457002,"PLX":0.0145723208,"TAK":0.5413521456,"TBK1":0.1189437749,"mTOR":0.1764342038},"HT115":{"IKK":0.0100956925,"MEK":0.070996074,"PI3K":0.016141341,"PLX":0.0093837534,"TAK":0.5127877035,"TBK1":0.0453554377,"mTOR":0.1092873468},"HT29":{"IKK":0.1228642147,"MEK":0.5769706409,"PI3K":0.013504301,"PLX":0.0701854428,"TAK":0.4326513962,"TBK1":0.0124192315,"mTOR":0.1325512205},"SKCO1":{"IKK":0.0188228345,"MEK":0.3190235651,"PI3K":0.0139335346,"PLX":0.0208503138,"TAK":0.5625260277,"TBK1":0.0856136538,"mTOR":0.1579047723},"SNUC2B":{"IKK":0.1772194191,"MEK":0.1282799701,"PI3K":null,"PLX":0.0304797224,"TAK":0.4558251809,"TBK1":0.0634747674,"mTOR":0.148027652},"SNUC5":{"IKK":0.0715615913,"MEK":0.1955208441,"PI3K":0.1082921442,"PLX":0.1144800406,"TAK":0.3657185508,"TBK1":0.0974051945,"mTOR":0.1278628875},"SW1116":{"IKK":0.0145277593,"MEK":0.2584219469,"PI3K":0.0463677318,"PLX":0.0163001913,"TAK":0.3972361324,"TBK1":null,"mTOR":null},"SW1463":{"IKK":0.0774401842,"MEK":0.2693392464,"PI3K":0.0221810725,"PLX":0.0253131469,"TAK":0.1988718747,"TBK1":null,"mTOR":null},"SW620":{"IKK":0.2921506777,"MEK":0.4029345628,"PI3K":0.0412093737,"PLX":0.0105236371,"TAK":0.5656298363,"TBK1":0.1109066641,"mTOR":0.0624125748},"SW837":{"IKK":0.144566086,"MEK":0.319142819,"PI3K":0.0693103718,"PLX":0.0204082413,"TAK":0.254915971,"TBK1":null,"mTOR":null}}