{"AKT":{"PI3K":-8.7910005151,"mTOR":-1.6153861671,"MEKi":-0.4168362632,"TBK1":-1.3491353329,"IKK":4.0192396648,"PLX":-1.1569430461,"TAK":-8.2565487206},"EGFR":{"PI3K":-1.7398594556,"mTOR":-0.4629822823,"MEKi":-1.4174009011,"TBK1":-0.3049065917,"IKK":0.8292005405,"PLX":-1.3785411701,"TAK":-1.0059590912},"ERK":{"PI3K":-2.4193024464,"mTOR":-1.1116044771,"MEKi":-0.7467415841,"TBK1":0.2788820258,"IKK":4.1918497618,"PLX":-2.7743079366,"TAK":-0.2982231534},"GSK3":{"PI3K":-2.7922196964,"mTOR":-1.963515246,"MEKi":-2.6174207587,"TBK1":-1.864221367,"IKK":-0.1544888403,"PLX":-2.5583036205,"TAK":-2.3718721169},"IkBa":{"PI3K":-2.4865632229,"mTOR":-1.2170215339,"MEKi":-1.3337699421,"TBK1":-0.1835368786,"IKK":2.5084430932,"PLX":-3.2240349762,"TAK":-1.7098248091},"JNK":{"PI3K":-2.5036643627,"mTOR":-0.9043883585,"MEKi":-2.6582587227,"TBK1":0.7052984652,"IKK":2.3167766288,"PLX":-2.0390651206,"TAK":-2.3091498264},"MEK":{"PI3K":-0.8732242078,"mTOR":1.2259761643,"MEKi":4.8915065481,"TBK1":-0.5949572551,"IKK":6.2335923876,"PLX":-0.5253889431,"TAK":4.8341055206},"PI3Kp85":{"PI3K":-2.4512221314,"mTOR":-1.1529086735,"MEKi":-2.6432943023,"TBK1":0.5819470226,"IKK":2.2488746454,"PLX":-2.3581669826,"TAK":-2.7424854341},"RPS6":{"PI3K":-6.3427604128,"mTOR":-2.3083729954,"MEKi":-6.845342598,"TBK1":0.8031230819,"IKK":3.3393765786,"PLX":-6.0553981816,"TAK":-5.6448713321},"RSKp90":{"PI3K":-2.358508041,"mTOR":-0.99278171,"MEKi":-1.5937836943,"TBK1":-0.1095862316,"IKK":1.726991499,"PLX":-1.5496581578,"TAK":-2.0639106449},"SMAD2":{"PI3K":-1.4882665453,"mTOR":-0.9570167552,"MEKi":-0.9396741851,"TBK1":0.1866702809,"IKK":1.8722121777,"PLX":-3.025303852,"TAK":-1.8870898338},"cJun":{"PI3K":-1.9217006916,"mTOR":-2.2137346718,"MEKi":-5.7575261889,"TBK1":-1.2983945313,"IKK":-0.0675758989,"PLX":-7.5358412584,"TAK":-0.7778617076},"mTOR":{"PI3K":-0.9993944024,"mTOR":-1.1556365275,"MEKi":-0.4604047076,"TBK1":-0.9313394881,"IKK":0.091586621,"PLX":-1.1945690452,"TAK":-0.744023643},"p38":{"PI3K":-2.3026876874,"mTOR":-0.6078612451,"MEKi":-2.2177635565,"TBK1":0.6323761318,"IKK":2.6996808045,"PLX":-2.0944785019,"TAK":-1.7509097515}}