{"AKT":{"PI3K":-3.4579421177,"mTOR":0.1461374123,"MEKi":2.2396759326,"TBK1":-0.6618925615,"IKK":-0.6889398234,"PLX":2.1025453662,"TAK":-9.186348218},"EGFR":{"PI3K":0.0631964023,"mTOR":-0.3366768289,"MEKi":-0.0928716385,"TBK1":-0.5062015723,"IKK":-0.6817820361,"PLX":-0.5495122523,"TAK":-0.1326753409},"ERK":{"PI3K":-0.6528468087,"mTOR":-0.5240567661,"MEKi":0.9831174263,"TBK1":-0.4612115152,"IKK":-0.3384595128,"PLX":-0.8543137579,"TAK":-0.1612379764},"GSK3":{"PI3K":-2.2890246649,"mTOR":-0.5632567887,"MEKi":-0.6369616426,"TBK1":-1.2508911035,"IKK":-1.1678384169,"PLX":-1.8353429297,"TAK":-1.0524480742},"IkBa":{"PI3K":-0.2297623809,"mTOR":-0.5643698665,"MEKi":0.1899954612,"TBK1":-0.6353775,"IKK":-0.1665725674,"PLX":-0.4947968292,"TAK":-0.3597305682},"JNK":{"PI3K":0.1244532254,"mTOR":-0.4035995024,"MEKi":-0.3401460167,"TBK1":0.1244532254,"IKK":-0.1574276961,"PLX":-0.278000944,"TAK":-0.4035995024},"MEK":{"PI3K":-0.0431104442,"mTOR":4.8166029478,"MEKi":8.9946527825,"TBK1":0.0264578678,"IKK":4.770275662,"PLX":4.1594707902,"TAK":4.2496553858},"PI3Kp85":{"PI3K":0.4150989198,"mTOR":-0.3183514184,"MEKi":-0.0603946494,"TBK1":0.0632573273,"IKK":-0.1875302348,"PLX":0.1836115218,"TAK":-0.4530782837},"RPS6":{"PI3K":1.2493716017,"mTOR":-0.6898280758,"MEKi":0.3264802617,"TBK1":0.7455337292,"IKK":1.9862861049,"PLX":-0.1928197713,"TAK":0.8168419442},"RSKp90":{"PI3K":-0.8233195141,"mTOR":-0.6188952985,"MEKi":1.2364260971,"TBK1":-0.5233737437,"IKK":-0.1149119008,"PLX":-0.162021234,"TAK":-0.6582928326},"SMAD2":{"PI3K":-0.5018974373,"mTOR":-0.3346917797,"MEKi":-0.5891188364,"TBK1":-0.3756302013,"IKK":-0.3346917797,"PLX":-0.8189195984,"TAK":-0.4171333087},"cJun":{"PI3K":-0.8860049776,"mTOR":-1.1965548454,"MEKi":0.2343106779,"TBK1":-1.0064075878,"IKK":-0.7139773646,"PLX":-0.9456042295,"TAK":-0.770234402},"mTOR":{"PI3K":-1.1907008749,"mTOR":-0.516703613,"MEKi":0.094325432,"TBK1":-0.7681931384,"IKK":-0.301019576,"PLX":-1.4338753817,"TAK":-0.4280711572},"p38":{"PI3K":-0.1557617499,"mTOR":-0.3646540773,"MEKi":-0.2067142958,"TBK1":-0.0562390822,"IKK":0.0874454179,"PLX":-0.2584953745,"TAK":-0.4190907222}}