{"AKT":{"PI3K":0.1134169568,"mTOR":1.0452659,"MEKi":1.1332720343,"TBK1":0.3463393279,"IKK":0.3834953762,"PLX":0.7974270203,"TAK":-0.1386704841},"EGFR":{"PI3K":-0.2915347271,"mTOR":0.2613767133,"MEKi":0.3648695965,"TBK1":-0.7192591964,"IKK":-0.0073093058,"PLX":-0.0628548729,"TAK":-0.2915347271},"ERK":{"PI3K":-0.4580427015,"mTOR":0.5919013848,"MEKi":0.3416419524,"TBK1":-0.2124787202,"IKK":-0.3951974505,"PLX":-0.3951974505,"TAK":-0.5219098711},"GSK3":{"PI3K":-1.5170766071,"mTOR":-0.0023946727,"MEKi":-0.9434461057,"TBK1":-1.2085212503,"IKK":-0.784034047,"PLX":-1.1297059154,"TAK":-1.5663934446},"IkBa":{"PI3K":-0.6445486059,"mTOR":0.4030787724,"MEKi":-0.0166790697,"TBK1":-0.2817135179,"IKK":-0.2135182555,"PLX":-0.2817135179,"TAK":0.1695148272},"JNK":{"PI3K":-0.2724144193,"mTOR":0.3866993591,"MEKi":-0.2061715495,"TBK1":-0.2061715495,"IKK":-0.2061715495,"PLX":0.0451347202,"TAK":-0.2061715495},"MEK":{"PI3K":0.3083155793,"mTOR":1.1972267309,"MEKi":1.4875717042,"TBK1":-0.3688354712,"IKK":-0.3688354712,"PLX":-0.8498068479,"TAK":0.419924621},"PI3Kp85":{"PI3K":-0.5763081875,"mTOR":0.042882508,"MEKi":-0.3183514184,"TBK1":0.1571421507,"IKK":-0.8499080045,"PLX":0.042882508,"TAK":-0.1946994417},"RPS6":{"PI3K":-1.012260392,"mTOR":0.5574241754,"MEKi":-0.4461793737,"TBK1":0.7137140464,"IKK":0.0898010033,"PLX":0.5172898122,"TAK":-0.0487912061},"RSKp90":{"PI3K":-0.2408284743,"mTOR":0.4042388093,"MEKi":0.0328568859,"TBK1":-0.1591078993,"IKK":0.1051979005,"PLX":0.3412001413,"TAK":-0.1591078993},"SMAD2":{"PI3K":0.6238081372,"mTOR":0.8427357649,"MEKi":0.5374215079,"TBK1":0.41824048,"IKK":-0.0405264762,"PLX":-0.7565267816,"TAK":-0.5820473229},"cJun":{"PI3K":1.4839784935,"mTOR":0.7745335028,"MEKi":0.6580158342,"TBK1":-0.3427956341,"IKK":0.0694255514,"PLX":-1.6329422419,"TAK":1.2001350489},"mTOR":{"PI3K":-0.986616002,"mTOR":0.0119711586,"MEKi":-0.1338848156,"TBK1":-1.2685391221,"IKK":-0.7805720479,"PLX":-1.2685391221,"TAK":-1.4003959446},"p38":{"PI3K":0.1987757785,"mTOR":0.3664179672,"MEKi":-0.1655601151,"TBK1":-0.1176725033,"IKK":-0.2635514214,"PLX":-0.1655601151,"TAK":-0.0704943637}}