{"AKT":{"PI3K":-10.2474670741,"mTOR":1.3979859873,"MEKi":0.6831058647,"TBK1":-1.6026428914,"IKK":-0.7905490241,"PLX":2.4599246048,"TAK":-10.3408347934},"EGFR":{"PI3K":-1.0689741003,"mTOR":0.6907975885,"MEKi":-11.3598076682,"TBK1":-1.1339827619,"IKK":-2.2217623759,"PLX":-1.9281291133,"TAK":-3.4760610418},"ERK":{"PI3K":-2.066845527,"mTOR":-2.2000021564,"MEKi":-0.474282224,"TBK1":-1.2965564119,"IKK":-1.0363457596,"PLX":-2.001922654,"TAK":-2.001922654},"GSK3":{"PI3K":-1.6689426063,"mTOR":-0.5990880766,"MEKi":-2.1138285328,"TBK1":-1.7843658458,"IKK":-1.3704655115,"PLX":-2.142004847,"TAK":-1.6170441586},"IkBa":{"PI3K":-2.0119622425,"mTOR":-2.2015742521,"MEKi":-0.0847863703,"TBK1":-1.194663724,"IKK":-0.6156424992,"PLX":-1.3433378139,"TAK":-1.7174454102},"JNK":{"PI3K":-1.6075122623,"mTOR":-1.5397806649,"MEKi":-1.5397806649,"TBK1":-0.8806668865,"IKK":-0.5739010474,"PLX":-0.9902763928,"TAK":-1.8947704006},"MEK":{"PI3K":-1.5618494547,"mTOR":7.0289457157,"MEKi":4.189905543,"TBK1":-1.7158130732,"IKK":3.0456946917,"PLX":5.315717853,"TAK":2.1917980138},"PI3Kp85":{"PI3K":-2.186630331,"mTOR":-2.0723706883,"MEKi":-1.065320533,"TBK1":-0.7179942134,"IKK":-0.7179942134,"PLX":-1.852179954,"TAK":-1.852179954},"RPS6":{"PI3K":-7.2579138512,"mTOR":-4.9123988976,"MEKi":-7.8504360526,"TBK1":-2.1067825803,"IKK":-2.8208416649,"PLX":-9.1176197998,"TAK":-7.2945756301},"RSKp90":{"PI3K":-1.2096574506,"mTOR":-0.6356826848,"MEKi":-0.5686778691,"TBK1":-0.1964993386,"IKK":-0.4493945883,"PLX":-0.5036482225,"TAK":-1.1475067695},"SMAD2":{"PI3K":-1.7721005596,"mTOR":-1.128410022,"MEKi":-0.0374228889,"TBK1":-0.8113878609,"IKK":-0.9133951746,"PLX":-3.1046120814,"TAK":-1.5848179599},"cJun":{"PI3K":-0.4595150281,"mTOR":-0.530519566,"MEKi":0.7030701188,"TBK1":-1.4043397055,"IKK":-0.9130785983,"PLX":-4.210480684,"TAK":0.511655513},"mTOR":{"PI3K":-1.4785869436,"mTOR":-0.9723181434,"MEKi":-1.4785869436,"TBK1":-1.0608093572,"IKK":-0.6785037496,"PLX":-1.9591979385,"TAK":-1.1857433136},"p38":{"PI3K":-2.1467316262,"mTOR":-1.8432195822,"MEKi":-2.1467316262,"TBK1":-1.3939595578,"IKK":-1.3939595578,"PLX":-1.8432195822,"TAK":-2.1467316262}}