{"AKT":{"PI3K":-5.6368305696,"mTOR":0.110740616,"MEKi":-2.3687065359,"TBK1":-1.0777430593,"IKK":0.158222859,"PLX":3.3470405782,"TAK":-5.7300090647},"EGFR":{"PI3K":-1.851307384,"mTOR":-1.2723177372,"MEKi":-1.5532930887,"TBK1":0.5979397523,"IKK":0.1075936669,"PLX":-2.1142433376,"TAK":-1.2723177372},"ERK":{"PI3K":-4.296436528,"mTOR":-3.6273634736,"MEKi":-4.5875136997,"TBK1":0.8725739296,"IKK":0.0372908769,"PLX":-5.6180134672,"TAK":-4.3529518108},"GSK3":{"PI3K":-0.9190332024,"mTOR":0.7272747739,"MEKi":-0.0882826774,"TBK1":-0.3361300424,"IKK":0.1508470311,"PLX":-1.8052500428,"TAK":-2.2703454682},"IkBa":{"PI3K":-3.0651818987,"mTOR":-2.5189861087,"MEKi":-3.1745164219,"TBK1":-0.4693815978,"IKK":0.4380283113,"PLX":-4.3555317973,"TAK":-3.8471105895},"JNK":{"PI3K":-1.4451286545,"mTOR":-0.0017803123,"MEKi":-2.1176675296,"TBK1":0.2291868087,"IKK":1.0275259036,"PLX":-0.7213602868,"TAK":-1.7152133603},"MEK":{"PI3K":-0.1071775618,"mTOR":3.6529029629,"MEKi":2.470505691,"TBK1":-1.2034461242,"IKK":2.6705367996,"PLX":1.5436796099,"TAK":0.8769619432},"PI3Kp85":{"PI3K":-4.57393927,"mTOR":-1.4457557681,"MEKi":-4.2220976775,"TBK1":-0.7153557949,"IKK":-0.4631664577,"PLX":-3.2150475223,"TAK":-3.6905410914},"RPS6":{"PI3K":-5.6094823937,"mTOR":-5.497628335,"MEKi":-9.8582268594,"TBK1":-0.0276991044,"IKK":0.3421981479,"PLX":-8.4299543571,"TAK":-5.534535758},"RSKp90":{"PI3K":-2.1534500229,"mTOR":-1.6126600524,"MEKi":-1.7717345758,"TBK1":0.9049971415,"IKK":0.3662490066,"PLX":-1.1944923013,"TAK":-1.965574587},"SMAD2":{"PI3K":-2.2827433764,"mTOR":-1.8857829539,"MEKi":-2.321568787,"TBK1":0.043729001,"IKK":0.0614808376,"PLX":-2.321568787,"TAK":-2.565669676},"cJun":{"PI3K":-0.10866736,"mTOR":-1.0184311789,"MEKi":-6.0669696925,"TBK1":-1.8531763763,"IKK":-0.3993701026,"PLX":-3.4228282832,"TAK":-2.0667172526},"mTOR":{"PI3K":-0.604341217,"mTOR":-0.1000364076,"MEKi":-0.9855651888,"TBK1":0.2569395586,"IKK":0.3828339055,"PLX":-1.9590242663,"TAK":-1.564649207},"p38":{"PI3K":-2.9470339228,"mTOR":-2.4294978887,"MEKi":-3.2929747152,"TBK1":0.117300959,"IKK":0.6437695829,"PLX":-2.9942120624,"TAK":-3.0907184229}}