{"AKT":{"PI3K":-0.8965476511,"mTOR":2.0901406855,"MEKi":-0.531590654,"TBK1":-0.9678377586,"IKK":-0.8615148531,"PLX":-1.0967297502,"TAK":-1.9848470958},"EGFR":{"PI3K":0.0476156274,"mTOR":-0.9814936545,"MEKi":-0.9146119373,"TBK1":-0.0073093058,"IKK":1.078545213,"PLX":-1.6282875539,"TAK":1.5025778081},"ERK":{"PI3K":-0.5452306416,"mTOR":0.0450394381,"MEKi":0.5580821265,"TBK1":0.7152128551,"IKK":0.3944024271,"PLX":-0.9946052564,"TAK":0.4770948369},"GSK3":{"PI3K":-1.553664652,"mTOR":-1.9832087963,"MEKi":-1.5380833724,"TBK1":-0.8786248081,"IKK":-0.7893186262,"PLX":-2.8999994831,"TAK":-1.4289353214},"IkBa":{"PI3K":-0.4076086731,"mTOR":-0.3225735325,"MEKi":0.8120698791,"TBK1":-0.1585545237,"IKK":-0.4076086731,"PLX":-0.4076086731,"TAK":0.0736962669},"JNK":{"PI3K":-0.9449532944,"mTOR":-0.5285779491,"MEKi":-0.627404155,"TBK1":0.0850548964,"IKK":-0.5285779491,"PLX":-0.9449532944,"TAK":-0.4328896187},"MEK":{"PI3K":-1.8925734735,"mTOR":5.1979171098,"MEKi":1.0342182523,"TBK1":0.6057325902,"IKK":2.8875057659,"PLX":-1.4559159462,"TAK":2.8513660114},"PI3Kp85":{"PI3K":-0.7110350527,"mTOR":-1.7438004617,"MEKi":-0.920980573,"TBK1":-0.4133657662,"IKK":-1.2554309499,"PLX":-1.3726587052,"TAK":-0.134121152},"RPS6":{"PI3K":-3.8070628976,"mTOR":-1.4657146514,"MEKi":-2.4187066327,"TBK1":1.2588704629,"IKK":0.8356968809,"PLX":-1.2616478385,"TAK":-1.4136250165},"RSKp90":{"PI3K":-1.6555717218,"mTOR":-1.3794363855,"MEKi":0.8006350618,"TBK1":0.128051028,"IKK":0.0839254915,"PLX":-1.8077840211,"TAK":-0.4139528096},"SMAD2":{"PI3K":-0.1370309675,"mTOR":-0.2738239586,"MEKi":-0.5676110423,"TBK1":0.298003479,"IKK":-0.070898029,"PLX":-0.2738239586,"TAK":-0.2046501632},"cJun":{"PI3K":-0.116960735,"mTOR":-1.1237335454,"MEKi":-2.2031007614,"TBK1":-1.1237335454,"IKK":-1.4271218063,"PLX":-3.0104851897,"TAK":0.6817327723},"mTOR":{"PI3K":-1.2592841028,"mTOR":-0.8720458989,"MEKi":-1.7840974344,"TBK1":-0.4959737461,"IKK":-0.8720458989,"PLX":-2.3628675452,"TAK":-0.8649090435},"p38":{"PI3K":-0.4432868669,"mTOR":-0.4432868669,"MEKi":-0.5239105701,"TBK1":0.2029713867,"IKK":-0.0682107736,"PLX":-0.2879162394,"TAK":-0.0682107736}}