{"AKT":{"PI3K":0.8406804604,"mTOR":1.1308612308,"MEKi":-0.0923129056,"TBK1":1.1407334985,"IKK":-0.3376707357,"PLX":4.6275634056,"TAK":-0.369768793},"EGFR":{"PI3K":1.6875008095,"mTOR":0.0185752453,"MEKi":0.223426985,"TBK1":0.223426985,"IKK":-0.418666614,"PLX":-0.2501107738,"TAK":0.2733333059},"ERK":{"PI3K":0.2620488098,"mTOR":-0.3434156578,"MEKi":-0.2261608493,"TBK1":0.105958957,"IKK":-1.1315988558,"PLX":-1.0595281294,"TAK":0.3127300857},"GSK3":{"PI3K":-0.1899196917,"mTOR":-1.2529820066,"MEKi":-2.3404421619,"TBK1":-0.3104592097,"IKK":-0.7346109518,"PLX":-0.8734611124,"TAK":-0.4753132064},"IkBa":{"PI3K":1.2537455185,"mTOR":-0.4947968292,"MEKi":1.2854853581,"TBK1":0.2630408943,"IKK":-0.7135210069,"PLX":-0.4422194992,"TAK":0.3052960038},"JNK":{"PI3K":0.2802775096,"mTOR":-0.1726624172,"MEKi":-0.0922862074,"TBK1":-0.0922862074,"IKK":-0.5174871206,"PLX":-0.4275124019,"TAK":-0.1726624172},"MEK":{"PI3K":4.2328242442,"mTOR":2.4478965483,"MEKi":0.5582534209,"TBK1":1.8055101853,"IKK":-5.1277408874,"PLX":-1.5615105678,"TAK":4.2479764279},"PI3Kp85":{"PI3K":-0.1511836102,"mTOR":-0.4043162047,"MEKi":0.2415000241,"TBK1":0.0100126261,"IKK":-0.8605644789,"PLX":-0.5813198646,"TAK":-0.5813198646},"RPS6":{"PI3K":-1.9518282347,"mTOR":-2.906459251,"MEKi":-1.019118018,"TBK1":0.1721015591,"IKK":-2.4232769603,"PLX":-1.3417675568,"TAK":-0.6287766412},"RSKp90":{"PI3K":-0.1319264063,"mTOR":-1.0620495523,"MEKi":-0.5376975748,"TBK1":-0.6022739882,"IKK":-1.4111238714,"PLX":-1.0620495523,"TAK":-0.1855210242},"SMAD2":{"PI3K":0.3783865519,"mTOR":0.9821901415,"MEKi":0.2542894766,"TBK1":0.3478388014,"IKK":-0.377800362,"PLX":-0.7518031895,"TAK":0.5554333551},"cJun":{"PI3K":1.5596094125,"mTOR":-0.1346283165,"MEKi":-0.9772138931,"TBK1":-0.2054472044,"IKK":-0.9312639338,"PLX":-1.0238762831,"TAK":-0.0314297309},"mTOR":{"PI3K":0.1788740583,"mTOR":-0.9996146269,"MEKi":-0.3327735905,"TBK1":0.1526704231,"IKK":-0.6800104112,"PLX":0.2557972896,"TAK":0.3707228988},"p38":{"PI3K":1.1697430132,"mTOR":0.0605721261,"MEKi":0.0605721261,"TBK1":0.4747219142,"IKK":-0.4673877019,"PLX":-0.0291370788,"TAK":0.1478232327}}