{"AKT":{"PI3K":-1.2858444335,"mTOR":1.9844514273,"MEKi":0.6791318124,"TBK1":1.365663749,"IKK":0.7167437746,"PLX":3.7373017948,"TAK":-1.535196188},"EGFR":{"PI3K":-0.0142182745,"mTOR":-0.5461670801,"MEKi":-0.7860063724,"TBK1":0.902987976,"IKK":0.3109071621,"PLX":-1.5849056116,"TAK":0.1510319205},"ERK":{"PI3K":1.6106448838,"mTOR":0.0824722751,"MEKi":1.0908022129,"TBK1":0.7825857657,"IKK":1.1642201335,"PLX":-0.5389911734,"TAK":1.6106448838},"GSK3":{"PI3K":0.8858997257,"mTOR":0.204411395,"MEKi":-0.2048458,"TBK1":-0.0831362324,"IKK":0.1144306944,"PLX":-0.141847,"TAK":0.5466062139},"IkBa":{"PI3K":1.0963369612,"mTOR":1.0617261351,"MEKi":2.5382699306,"TBK1":1.9464609146,"IKK":1.0267639239,"PLX":-0.4405634529,"TAK":1.4866124193},"JNK":{"PI3K":1.123140188,"mTOR":0.7096257154,"MEKi":0.6196509967,"TBK1":1.123140188,"IKK":1.0448519099,"PLX":-0.3401460167,"TAK":1.0842502388},"MEK":{"PI3K":1.0254266304,"mTOR":4.0849450028,"MEKi":3.4381378273,"TBK1":1.5218163911,"IKK":2.6059881827,"PLX":1.7594589253,"TAK":3.6868351065},"PI3Kp85":{"PI3K":0.4355661423,"mTOR":-0.3183514184,"MEKi":0.5215309286,"TBK1":1.3726456738,"IKK":1.4426162975,"PLX":-0.8627473156,"TAK":0.4355661423},"RPS6":{"PI3K":3.1879102459,"mTOR":-0.3485332855,"MEKi":0.7337522924,"TBK1":3.1773349825,"IKK":3.9675356119,"PLX":-2.2429050421,"TAK":4.7818485738},"RSKp90":{"PI3K":0.3750055304,"mTOR":-0.5412690891,"MEKi":0.0988701941,"TBK1":0.5944362592,"IKK":0.115152211,"PLX":-1.3188247841,"TAK":-0.0359016722},"SMAD2":{"PI3K":2.0841807215,"mTOR":0.8213983726,"MEKi":1.1860369365,"TBK1":0.8028818368,"IKK":0.7466385623,"PLX":-0.7094919909,"TAK":0.6699738399},"cJun":{"PI3K":1.8398735411,"mTOR":1.0926356261,"MEKi":0.9093207525,"TBK1":1.1869057358,"IKK":0.8801004854,"PLX":-0.9392747553,"TAK":2.0460955483},"mTOR":{"PI3K":0.2884442104,"mTOR":-0.0972355053,"MEKi":0.069706149,"TBK1":0.4311451437,"IKK":-0.0700853308,"PLX":-0.3515504806,"TAK":0.520567362},"p38":{"PI3K":1.3557203665,"mTOR":0.2000600964,"MEKi":0.3172929487,"TBK1":0.355430724,"IKK":0.9106531882,"PLX":-0.5606831055,"TAK":1.1261098659}}