{"AKT":{"PI3K":-1.7941501159,"mTOR":9.1203971433,"MEKi":0.9182880603,"TBK1":4.2815532821,"IKK":6.4171487521,"PLX":9.4705450129,"TAK":-1.6101747224},"EGFR":{"PI3K":1.8276736985,"mTOR":2.940168008,"MEKi":-0.224355178,"TBK1":0.9780250323,"IKK":0.2817092821,"PLX":-0.2839405183,"TAK":1.5052151441},"ERK":{"PI3K":-0.2955329174,"mTOR":0.8768712433,"MEKi":-1.1862405499,"TBK1":1.4276562517,"IKK":-1.4065456378,"PLX":-1.639945644,"TAK":-0.5300948063},"GSK3":{"PI3K":0.7284851401,"mTOR":2.4459386111,"MEKi":1.0982319908,"TBK1":2.0079708198,"IKK":1.0759500657,"PLX":0.3760787512,"TAK":1.167949515},"IkBa":{"PI3K":-0.272542412,"mTOR":1.3661510747,"MEKi":-0.437874075,"TBK1":0.495907795,"IKK":-0.7323909074,"PLX":-1.0544711029,"TAK":-0.6115452373},"JNK":{"PI3K":-0.6753722112,"mTOR":0.755923542,"MEKi":-0.7959454592,"TBK1":-0.0867254507,"IKK":-0.6753722112,"PLX":-1.0526050682,"TAK":-0.038501554},"MEK":{"PI3K":5.820885092,"mTOR":7.4883699528,"MEKi":3.7722530658,"TBK1":2.8861096185,"IKK":-3.7464868473,"PLX":-0.7706727844,"TAK":4.3490593984},"PI3Kp85":{"PI3K":-0.2169310868,"mTOR":1.005531597,"MEKi":-0.3183514184,"TBK1":0.605888802,"IKK":-0.422103455,"PLX":-0.5282969386,"TAK":-0.2169310868},"RPS6":{"PI3K":3.0775674789,"mTOR":5.8095500312,"MEKi":-1.5953820797,"TBK1":3.6110365063,"IKK":0.5914793593,"PLX":0.6149443445,"TAK":1.7865142695},"RSKp90":{"PI3K":0.2644209431,"mTOR":2.2598353405,"MEKi":0.677447661,"TBK1":1.565999125,"IKK":0.6412795841,"PLX":0.4707584389,"TAK":0.2859450482},"SMAD2":{"PI3K":-0.2151160088,"mTOR":1.2185662001,"MEKi":-0.7715339328,"TBK1":0.541070905,"IKK":-0.9657256689,"PLX":-2.0389347439,"TAK":-0.3756302013},"cJun":{"PI3K":-0.697839718,"mTOR":1.0252506118,"MEKi":-1.0352750995,"TBK1":0.1679866217,"IKK":-0.6525807618,"PLX":-0.9846913227,"TAK":-0.7904520674},"mTOR":{"PI3K":1.8386416696,"mTOR":1.9040791792,"MEKi":-0.2768205747,"TBK1":1.2908844916,"IKK":0.6338373832,"PLX":0.881856909,"TAK":-0.0463044795},"p38":{"PI3K":-0.2635514214,"mTOR":1.3730914399,"MEKi":-0.5225938589,"TBK1":0.5642745227,"IKK":-0.6324139201,"PLX":-1.1140038282,"TAK":-0.1176725033}}