{"AKT":{"PI3K":0.1946663043,"mTOR":5.8910851454,"MEKi":0.4908600667,"TBK1":-1.4766380523,"IKK":-0.3909822787,"PLX":2.1126654118,"TAK":-1.1155934188},"EGFR":{"PI3K":-0.3897693568,"mTOR":-0.456651074,"MEKi":-1.2595130142,"TBK1":-1.4206989425,"IKK":-0.2586754444,"PLX":-1.5033182046,"TAK":-2.0305083164},"ERK":{"PI3K":-0.930214562,"mTOR":-0.311088361,"MEKi":-1.1266427108,"TBK1":-1.7827884543,"IKK":-0.7431437599,"PLX":-2.1571424782,"TAK":-1.2286677817},"GSK3":{"PI3K":-5.1545790585,"mTOR":0.448234612,"MEKi":0.0447842786,"TBK1":-5.4480301854,"IKK":-0.7526723205,"PLX":-0.2961463967,"TAK":-4.8779054564},"IkBa":{"PI3K":-0.8778299118,"mTOR":0.5184898315,"MEKi":0.5184898315,"TBK1":-1.1959403684,"IKK":-0.3181556381,"PLX":-0.7780041334,"TAK":-1.1959403684},"JNK":{"PI3K":-0.3401460167,"mTOR":-0.4803540523,"MEKi":-0.781998515,"TBK1":-0.627404155,"IKK":0.3866993591,"PLX":-1.2999430302,"TAK":-0.3401460167},"MEK":{"PI3K":0.4171146468,"mTOR":5.8249965902,"MEKi":1.9424552879,"TBK1":-2.0858090549,"IKK":5.2683959628,"PLX":5.658204685,"TAK":0.275000174},"PI3Kp85":{"PI3K":0.0743322159,"mTOR":-0.9014858782,"MEKi":-1.3943039017,"TBK1":-0.3183514184,"IKK":-0.6005067163,"PLX":-1.5713075616,"TAK":-0.0528033695},"RPS6":{"PI3K":-5.3257795028,"mTOR":0.4580473382,"MEKi":-1.0018030778,"TBK1":-3.3938300895,"IKK":0.4580473382,"PLX":-0.7496039297,"TAK":-4.0500323836},"RSKp90":{"PI3K":-1.2463405792,"mTOR":-0.7911204643,"MEKi":-1.2008502402,"TBK1":-1.4890249149,"IKK":-0.2913544218,"PLX":-1.2463405792,"TAK":-1.2927886796},"SMAD2":{"PI3K":-0.6247278623,"mTOR":-0.0405264762,"MEKi":-0.2703272382,"TBK1":-1.28274783,"IKK":0.2542894766,"PLX":-1.4195408211,"TAK":-1.7133279048},"cJun":{"PI3K":-1.2748888575,"mTOR":0.5961837068,"MEKi":-0.0201786379,"TBK1":-1.2748888575,"IKK":-0.5416682772,"PLX":-0.7089148506,"TAK":-1.2748888575},"mTOR":{"PI3K":-0.5714544833,"mTOR":-0.2435100524,"MEKi":-1.0601234803,"TBK1":-2.8820437186,"IKK":-0.9203912013,"PLX":-1.5500800834,"TAK":-1.4567293152},"p38":{"PI3K":-1.2807679068,"mTOR":0.9265358455,"MEKi":0.2653153113,"TBK1":-1.150771646,"IKK":-0.3646540773,"PLX":-0.2666627711,"TAK":-1.0258746115}}