{"AKT":{"PI3K":-1.181551773,"mTOR":1.4823416242,"MEKi":-0.0835107848,"TBK1":0.5405885159,"IKK":1.2779101225,"PLX":1.1703434204,"TAK":-0.6622281349},"EGFR":{"PI3K":0.8858975199,"mTOR":1.3999492291,"MEKi":0.6884520883,"TBK1":0.9627073698,"IKK":1.3999492291,"PLX":-0.2890451193,"TAK":1.1496397936},"ERK":{"PI3K":-0.3818604449,"mTOR":0.3342520266,"MEKi":1.3815012625,"TBK1":0.16708874,"IKK":0.8926770771,"PLX":0.16708874,"TAK":0.9397164943},"GSK3":{"PI3K":0.5047369083,"mTOR":0.8927264685,"MEKi":1.5757295877,"TBK1":1.6821041347,"IKK":1.6513068388,"PLX":-0.8356992218,"TAK":-0.2651340684},"IkBa":{"PI3K":0.2459926009,"mTOR":0.5641030575,"MEKi":1.1237773313,"TBK1":0.133072707,"IKK":0.9015229141,"PLX":-0.0435684841,"TAK":0.7609422433},"JNK":{"PI3K":0.5709071433,"mTOR":1.470543891,"MEKi":1.217123325,"TBK1":1.1637780519,"IKK":1.269540807,"PLX":0.5709071433,"TAK":1.217123325},"MEK":{"PI3K":3.3970701947,"mTOR":7.891407398,"MEKi":9.9049895931,"TBK1":6.0651391838,"IKK":7.9888082928,"PLX":1.6349000277,"TAK":4.1895919514},"PI3Kp85":{"PI3K":0.4685080026,"mTOR":1.3659248761,"MEKi":1.0598404933,"TBK1":0.3773328849,"IKK":0.5578775531,"PLX":0.1892633883,"TAK":0.8158343222},"RPS6":{"PI3K":-3.1194034034,"mTOR":-1.7338817645,"MEKi":-1.1979013875,"TBK1":1.8745277503,"IKK":3.5110517062,"PLX":-0.7502905683,"TAK":-0.0079073261},"RSKp90":{"PI3K":-0.2036791784,"mTOR":0.0657041916,"MEKi":1.1926893574,"TBK1":0.3729446211,"IKK":0.9002644905,"PLX":0.1648760908,"TAK":0.563070137},"SMAD2":{"PI3K":0.4347730907,"mTOR":1.0646927686,"MEKi":0.5952872831,"TBK1":0.6724434998,"IKK":0.7102921444,"PLX":-0.5285878125,"TAK":-0.1055869044},"cJun":{"PI3K":1.0361439262,"mTOR":1.0601254385,"MEKi":0.5681866317,"TBK1":1.0601254385,"IKK":1.0361439262,"PLX":-0.3832283345,"TAK":1.2899824335},"mTOR":{"PI3K":1.0751008023,"mTOR":0.7784343965,"MEKi":1.236832856,"TBK1":1.2883902399,"IKK":1.4997359129,"PLX":-0.3276353261,"TAK":0.6817111312},"p38":{"PI3K":0.2685797566,"mTOR":1.0514328799,"MEKi":0.7965395846,"TBK1":0.7068303797,"IKK":0.7068303797,"PLX":0.0526009926,"TAK":1.0514328799}}