{"AKT":{"PI3K":-2.6838119695,"mTOR":-0.4089608432,"MEKi":-1.429112504,"TBK1":-1.0385180415,"IKK":-0.3091761623,"PLX":1.4387870673,"TAK":-3.3707822809},"EGFR":{"PI3K":-0.4276794747,"mTOR":-1.0516366152,"MEKi":-1.1637874198,"TBK1":-0.9419875253,"IKK":0.067403275,"PLX":-0.6269931427,"TAK":-0.2361332793},"ERK":{"PI3K":0.040627304,"mTOR":-1.2991547402,"MEKi":-0.707399691,"TBK1":-0.4163225193,"IKK":0.5508889602,"PLX":-1.2673509682,"TAK":-0.5990412496},"GSK3":{"PI3K":-1.098315349,"mTOR":-1.0099758373,"MEKi":-1.7811643744,"TBK1":0.3128488282,"IKK":0.657130922,"PLX":-2.1987531911,"TAK":-0.6806239083},"IkBa":{"PI3K":-0.4947968292,"mTOR":-1.3229092291,"MEKi":0.656409732,"TBK1":-0.768253778,"IKK":-0.0283825583,"PLX":-0.8256509103,"TAK":-0.2906631094},"JNK":{"PI3K":-0.3140512282,"mTOR":-1.0456243372,"MEKi":-1.2511991767,"TBK1":-0.5857602559,"IKK":0.0293687074,"PLX":-0.7313890291,"TAK":-0.2625298156},"MEK":{"PI3K":-0.7470416038,"mTOR":5.6549527148,"MEKi":4.5050068469,"TBK1":-0.0388883709,"IKK":6.8382821933,"PLX":4.4319302621,"TAK":1.4641546655},"PI3Kp85":{"PI3K":-0.3183514184,"mTOR":-0.9277721692,"MEKi":-1.2081738184,"TBK1":-0.4631664577,"IKK":0.464705968,"PLX":0.3841142759,"TAK":-0.0868640204},"RPS6":{"PI3K":3.4804723091,"mTOR":-1.4284325273,"MEKi":0.3280172535,"TBK1":2.0043400257,"IKK":4.2960521363,"PLX":-1.5026220744,"TAK":-0.2103484809},"RSKp90":{"PI3K":-0.3472950722,"mTOR":-1.3220679388,"MEKi":-0.3472950722,"TBK1":-0.3870475581,"IKK":0.5646838116,"PLX":-0.6569519349,"TAK":-0.4004591695},"SMAD2":{"PI3K":-0.5809249029,"mTOR":-0.9143573057,"MEKi":-0.5184535742,"TBK1":-0.4775151526,"IKK":0.043846908,"PLX":-0.3972723285,"TAK":-0.5809249029},"cJun":{"PI3K":0.2212155472,"mTOR":-1.5020762664,"MEKi":-1.2388918652,"TBK1":-0.7790673213,"IKK":-0.1460422772,"PLX":-3.6277656645,"TAK":0.1810563527},"mTOR":{"PI3K":-0.8847386247,"mTOR":-1.0039457793,"MEKi":-0.7974458699,"TBK1":0.0202987927,"IKK":0.8850808173,"PLX":-1.4537689815,"TAK":-0.3210206862},"p38":{"PI3K":0.132634488,"mTOR":-0.5731663288,"MEKi":-0.5731663288,"TBK1":-0.43265238,"IKK":0.2825193843,"PLX":-0.5256361005,"TAK":-0.0448739716}}