{"AKT":{"PI3K":0.1163312366,"mTOR":0.056027591,"MEKi":0.0762609084,"TBK1":0.4551792745,"IKK":2.8688243408,"PLX":-0.1758265325,"TAK":0.2525908451},"EGFR":{"PI3K":-0.6925189833,"mTOR":-1.1660567422,"MEKi":-0.6925189833,"TBK1":0.6202896637,"IKK":3.2151419533,"PLX":-0.8973707231,"TAK":0.0508916891},"ERK":{"PI3K":-0.4801708974,"mTOR":-0.8334645792,"MEKi":1.012589538,"TBK1":0.5535762819,"IKK":4.1848593587,"PLX":-0.9745963268,"TAK":-0.0034964724},"GSK3":{"PI3K":0.7537019673,"mTOR":-0.142543027,"MEKi":1.2612773207,"TBK1":1.3691905253,"IKK":3.6840951029,"PLX":-1.0093433543,"TAK":2.9161742319},"IkBa":{"PI3K":-1.6677528791,"mTOR":-1.6677528791,"MEKi":-0.602986299,"TBK1":0.0914019522,"IKK":2.7100260566,"PLX":-1.5693533786,"TAK":-0.9495772615},"JNK":{"PI3K":-0.7475532345,"mTOR":-1.1274310493,"MEKi":-1.9498328404,"TBK1":-0.0750143593,"IKK":2.4422037891,"PLX":-0.9105080139,"TAK":-0.8689359169},"MEK":{"PI3K":-0.357706743,"mTOR":7.3026210361,"MEKi":5.3237281454,"TBK1":0.5507907869,"IKK":8.22562999,"PLX":6.6337948653,"TAK":4.7087556232},"PI3Kp85":{"PI3K":-1.1247901101,"mTOR":-1.223981242,"MEKi":-1.223981242,"TBK1":-0.0015185582,"IKK":3.2025157178,"PLX":-0.7484876729,"TAK":-0.3183514184},"RPS6":{"PI3K":-3.4912548912,"mTOR":-3.4653634254,"MEKi":-5.2450495966,"TBK1":1.4762744177,"IKK":3.134451404,"PLX":-2.5158131104,"TAK":-1.4017199684},"RSKp90":{"PI3K":-0.804297918,"mTOR":-1.220816017,"MEKi":0.2207323218,"TBK1":0.3368750992,"IKK":2.0557051518,"PLX":-0.7807019361,"TAK":0.5264815696},"SMAD2":{"PI3K":-0.7680853049,"mTOR":-0.5584234701,"MEKi":-1.0270775689,"TBK1":0.2926901674,"IKK":2.7472213423,"PLX":-1.3857071854,"TAK":-0.5011088309},"cJun":{"PI3K":0.4306261726,"mTOR":0.0790996364,"MEKi":0.4424519791,"TBK1":0.3948673694,"IKK":3.1883532835,"PLX":-1.5392961767,"TAK":2.091089658},"mTOR":{"PI3K":0.2175243258,"mTOR":0.3484085682,"MEKi":0.8671935523,"TBK1":0.9708444504,"IKK":2.2001659349,"PLX":0.3174685292,"TAK":0.8027647901},"p38":{"PI3K":-0.9871918028,"mTOR":-1.0235860981,"MEKi":-1.2120710571,"TBK1":0.2060068137,"IKK":2.8431981015,"PLX":-0.8804399239,"TAK":-0.3056807961}}