{"AKT":{"PI3K":0.283134275,"mTOR":-1.0570731464,"MEKi":-0.0540554797,"TBK1":0.6441789085,"IKK":-0.0186176693,"PLX":-1.4805504159,"TAK":-0.0899077768},"EGFR":{"PI3K":2.4007867989,"mTOR":-0.2119525523,"MEKi":1.0152825275,"TBK1":0.8407412203,"IKK":0.1418497664,"PLX":-1.0935442039,"TAK":1.6573761265},"ERK":{"PI3K":1.1290420292,"mTOR":-1.4572269137,"MEKi":0.9397164943,"TBK1":0.3099315503,"IKK":0.5312714805,"PLX":-1.8315809376,"TAK":1.3535456684},"GSK3":{"PI3K":2.6007396047,"mTOR":-0.6848635212,"MEKi":1.0100655019,"TBK1":2.2946760499,"IKK":1.183289449,"PLX":-1.9684010332,"TAK":3.8630790543},"IkBa":{"PI3K":-0.0545708839,"mTOR":-1.2828695863,"MEKi":0.0136243786,"TBK1":-0.1951515548,"IKK":-0.2676541952,"PLX":-1.185856179,"TAK":0.0136243786},"JNK":{"PI3K":1.0764116668,"mTOR":-0.0922862074,"MEKi":1.3341694465,"TBK1":0.2802775096,"IKK":0.9104653941,"PLX":-1.0126848919,"TAK":0.9104653941},"MEK":{"PI3K":0.7961512162,"mTOR":-1.8153335342,"MEKi":2.7481383188,"TBK1":0.429240211,"IKK":1.7973484281,"PLX":-3.1998726582,"TAK":3.3962602871},"PI3Kp85":{"PI3K":1.0095556854,"mTOR":-0.5623575896,"MEKi":0.2395201975,"TBK1":-0.4387056129,"IKK":0.2395201975,"PLX":-0.8203143586,"TAK":0.6409415205},"RPS6":{"PI3K":-1.1002228653,"mTOR":-1.6709435023,"MEKi":1.8900655862,"TBK1":3.1062623707,"IKK":-0.002285286,"PLX":-3.1275609581,"TAK":0.6396353616},"RSKp90":{"PI3K":0.9386802885,"mTOR":-0.5450529546,"MEKi":0.0783472249,"TBK1":0.2731386642,"IKK":0.590918795,"PLX":-0.8332276293,"TAK":0.9615427033},"SMAD2":{"PI3K":0.6098231934,"mTOR":-1.0379846922,"MEKi":0.5733508975,"TBK1":1.140234667,"IKK":-0.1257191964,"PLX":-1.662756503,"TAK":0.8867013954},"cJun":{"PI3K":-0.5012694979,"mTOR":-0.9551957,"MEKi":-0.3832283345,"TBK1":-0.2144178932,"IKK":-0.5620728562,"PLX":-1.5747411903,"TAK":0.2883587499},"mTOR":{"PI3K":-0.9369513784,"mTOR":-3.9274045202,"MEKi":-1.5475567226,"TBK1":-0.3474905143,"IKK":-1.8462110509,"PLX":-4.0527039491,"TAK":0.4994104272},"p38":{"PI3K":1.1320565831,"mTOR":-0.1591333396,"MEKi":0.3317542865,"TBK1":0.4979380524,"IKK":-0.5094274699,"PLX":-1.2572662047,"TAK":0.8063530475}}