{"AKT":{"CAR1":4.0192396648,"CCK81":-0.6889398234,"COLO320HSR":0.3834953762,"DIFI":-0.7905490241,"HCT116":0.158222859,"HT115":-0.8615148531,"HT29":-0.3376707357,"SKCO1":0.7167437746,"SNUC2B":-0.3909822787,"SNUC5":6.4171487521,"SW1116":1.2779101225,"SW1463":-0.3091761623,"SW620":2.8688243408,"SW837":-0.0186176693},"EGFR":{"CAR1":0.8292005405,"CCK81":-0.6817820361,"COLO320HSR":-0.0073093058,"DIFI":-2.2217623759,"HCT116":0.1075936669,"HT115":1.078545213,"HT29":-0.418666614,"SKCO1":0.3109071621,"SNUC2B":-0.2586754444,"SNUC5":0.2817092821,"SW1116":1.3999492291,"SW1463":0.067403275,"SW620":3.2151419533,"SW837":0.1418497664},"ERK":{"CAR1":4.1918497618,"CCK81":-0.3384595128,"COLO320HSR":-0.3951974505,"DIFI":-1.0363457596,"HCT116":0.0372908769,"HT115":0.3944024271,"HT29":-1.1315988558,"SKCO1":1.1642201335,"SNUC2B":-0.7431437599,"SNUC5":-1.4065456378,"SW1116":0.8926770771,"SW1463":0.5508889602,"SW620":4.1848593587,"SW837":0.5312714805},"GSK3":{"CAR1":-0.1544888403,"CCK81":-1.1678384169,"COLO320HSR":-0.784034047,"DIFI":-1.3704655115,"HCT116":0.1508470311,"HT115":-0.7893186262,"HT29":-0.7346109518,"SKCO1":0.1144306944,"SNUC2B":-0.7526723205,"SNUC5":1.0759500657,"SW1116":1.6513068388,"SW1463":0.657130922,"SW620":3.6840951029,"SW837":1.183289449},"IkBa":{"CAR1":2.5084430932,"CCK81":-0.1665725674,"COLO320HSR":-0.2135182555,"DIFI":-0.6156424992,"HCT116":0.4380283113,"HT115":-0.4076086731,"HT29":-0.7135210069,"SKCO1":1.0267639239,"SNUC2B":-0.3181556381,"SNUC5":-0.7323909074,"SW1116":0.9015229141,"SW1463":-0.0283825583,"SW620":2.7100260566,"SW837":-0.2676541952},"JNK":{"CAR1":2.3167766288,"CCK81":-0.1574276961,"COLO320HSR":-0.2061715495,"DIFI":-0.5739010474,"HCT116":1.0275259036,"HT115":-0.5285779491,"HT29":-0.5174871206,"SKCO1":1.0448519099,"SNUC2B":0.3866993591,"SNUC5":-0.6753722112,"SW1116":1.269540807,"SW1463":0.0293687074,"SW620":2.4422037891,"SW837":0.9104653941},"MEK":{"CAR1":6.2335923876,"CCK81":4.770275662,"COLO320HSR":-0.3688354712,"DIFI":3.0456946917,"HCT116":2.6705367996,"HT115":2.8875057659,"HT29":-5.1277408874,"SKCO1":2.6059881827,"SNUC2B":5.2683959628,"SNUC5":-3.7464868473,"SW1116":7.9888082928,"SW1463":6.8382821933,"SW620":8.22562999,"SW837":1.7973484281},"PI3Kp85":{"CAR1":2.2488746454,"CCK81":-0.1875302348,"COLO320HSR":-0.8499080045,"DIFI":-0.7179942134,"HCT116":-0.4631664577,"HT115":-1.2554309499,"HT29":-0.8605644789,"SKCO1":1.4426162975,"SNUC2B":-0.6005067163,"SNUC5":-0.422103455,"SW1116":0.5578775531,"SW1463":0.464705968,"SW620":3.2025157178,"SW837":0.2395201975},"RPS6":{"CAR1":3.3393765786,"CCK81":1.9862861049,"COLO320HSR":0.0898010033,"DIFI":-2.8208416649,"HCT116":0.3421981479,"HT115":0.8356968809,"HT29":-2.4232769603,"SKCO1":3.9675356119,"SNUC2B":0.4580473382,"SNUC5":0.5914793593,"SW1116":3.5110517062,"SW1463":4.2960521363,"SW620":3.134451404,"SW837":-0.002285286},"RSKp90":{"CAR1":1.726991499,"CCK81":-0.1149119008,"COLO320HSR":0.1051979005,"DIFI":-0.4493945883,"HCT116":0.3662490066,"HT115":0.0839254915,"HT29":-1.4111238714,"SKCO1":0.115152211,"SNUC2B":-0.2913544218,"SNUC5":0.6412795841,"SW1116":0.9002644905,"SW1463":0.5646838116,"SW620":2.0557051518,"SW837":0.590918795},"SMAD2":{"CAR1":1.8722121777,"CCK81":-0.3346917797,"COLO320HSR":-0.0405264762,"DIFI":-0.9133951746,"HCT116":0.0614808376,"HT115":-0.070898029,"HT29":-0.377800362,"SKCO1":0.7466385623,"SNUC2B":0.2542894766,"SNUC5":-0.9657256689,"SW1116":0.7102921444,"SW1463":0.043846908,"SW620":2.7472213423,"SW837":-0.1257191964},"cJun":{"CAR1":-0.0675758989,"CCK81":-0.7139773646,"COLO320HSR":0.0694255514,"DIFI":-0.9130785983,"HCT116":-0.3993701026,"HT115":-1.4271218063,"HT29":-0.9312639338,"SKCO1":0.8801004854,"SNUC2B":-0.5416682772,"SNUC5":-0.6525807618,"SW1116":1.0361439262,"SW1463":-0.1460422772,"SW620":3.1883532835,"SW837":-0.5620728562},"mTOR":{"CAR1":0.091586621,"CCK81":-0.301019576,"COLO320HSR":-0.7805720479,"DIFI":-0.6785037496,"HCT116":0.3828339055,"HT115":-0.8720458989,"HT29":-0.6800104112,"SKCO1":-0.0700853308,"SNUC2B":-0.9203912013,"SNUC5":0.6338373832,"SW1116":1.4997359129,"SW1463":0.8850808173,"SW620":2.2001659349,"SW837":-1.8462110509},"p38":{"CAR1":2.6996808045,"CCK81":0.0874454179,"COLO320HSR":-0.2635514214,"DIFI":-1.3939595578,"HCT116":0.6437695829,"HT115":-0.0682107736,"HT29":-0.4673877019,"SKCO1":0.9106531882,"SNUC2B":-0.3646540773,"SNUC5":-0.6324139201,"SW1116":0.7068303797,"SW1463":0.2825193843,"SW620":2.8431981015,"SW837":-0.5094274699}}