{"CCK81":{"AKT":-0.6889398234,"EGFR":-0.6817820361,"ERK":-0.3384595128,"GSK3":-1.1678384169,"IkBa":-0.1665725674,"JNK":-0.1574276961,"MEK":4.770275662,"PI3Kp85":-0.1875302348,"RPS6":1.9862861049,"RSKp90":-0.1149119008,"SMAD2":-0.3346917797,"cJun":-0.7139773646,"mTOR":-0.301019576,"p38":0.0874454179},"COLO320HSR":{"AKT":0.3834953762,"EGFR":-0.0073093058,"ERK":-0.3951974505,"GSK3":-0.784034047,"IkBa":-0.2135182555,"JNK":-0.2061715495,"MEK":-0.3688354712,"PI3Kp85":-0.8499080045,"RPS6":0.0898010033,"RSKp90":0.1051979005,"SMAD2":-0.0405264762,"cJun":0.0694255514,"mTOR":-0.7805720479,"p38":-0.2635514214},"DIFI":{"AKT":-0.7905490241,"EGFR":-2.2217623759,"ERK":-1.0363457596,"GSK3":-1.3704655115,"IkBa":-0.6156424992,"JNK":-0.5739010474,"MEK":3.0456946917,"PI3Kp85":-0.7179942134,"RPS6":-2.8208416649,"RSKp90":-0.4493945883,"SMAD2":-0.9133951746,"cJun":-0.9130785983,"mTOR":-0.6785037496,"p38":-1.3939595578},"HCT116":{"AKT":0.158222859,"EGFR":0.1075936669,"ERK":0.0372908769,"GSK3":0.1508470311,"IkBa":0.4380283113,"JNK":1.0275259036,"MEK":2.6705367996,"PI3Kp85":-0.4631664577,"RPS6":0.3421981479,"RSKp90":0.3662490066,"SMAD2":0.0614808376,"cJun":-0.3993701026,"mTOR":0.3828339055,"p38":0.6437695829},"HT115":{"AKT":-0.8615148531,"EGFR":1.078545213,"ERK":0.3944024271,"GSK3":-0.7893186262,"IkBa":-0.4076086731,"JNK":-0.5285779491,"MEK":2.8875057659,"PI3Kp85":-1.2554309499,"RPS6":0.8356968809,"RSKp90":0.0839254915,"SMAD2":-0.070898029,"cJun":-1.4271218063,"mTOR":-0.8720458989,"p38":-0.0682107736},"HT29":{"AKT":-0.3376707357,"EGFR":-0.418666614,"ERK":-1.1315988558,"GSK3":-0.7346109518,"IkBa":-0.7135210069,"JNK":-0.5174871206,"MEK":-5.1277408874,"PI3Kp85":-0.8605644789,"RPS6":-2.4232769603,"RSKp90":-1.4111238714,"SMAD2":-0.377800362,"cJun":-0.9312639338,"mTOR":-0.6800104112,"p38":-0.4673877019},"SKCO1":{"AKT":0.7167437746,"EGFR":0.3109071621,"ERK":1.1642201335,"GSK3":0.1144306944,"IkBa":1.0267639239,"JNK":1.0448519099,"MEK":2.6059881827,"PI3Kp85":1.4426162975,"RPS6":3.9675356119,"RSKp90":0.115152211,"SMAD2":0.7466385623,"cJun":0.8801004854,"mTOR":-0.0700853308,"p38":0.9106531882},"SNUC2B":{"AKT":-0.3909822787,"EGFR":-0.2586754444,"ERK":-0.7431437599,"GSK3":-0.7526723205,"IkBa":-0.3181556381,"JNK":0.3866993591,"MEK":5.2683959628,"PI3Kp85":-0.6005067163,"RPS6":0.4580473382,"RSKp90":-0.2913544218,"SMAD2":0.2542894766,"cJun":-0.5416682772,"mTOR":-0.9203912013,"p38":-0.3646540773},"SNUC5":{"AKT":6.4171487521,"EGFR":0.2817092821,"ERK":-1.4065456378,"GSK3":1.0759500657,"IkBa":-0.7323909074,"JNK":-0.6753722112,"MEK":-3.7464868473,"PI3Kp85":-0.422103455,"RPS6":0.5914793593,"RSKp90":0.6412795841,"SMAD2":-0.9657256689,"cJun":-0.6525807618,"mTOR":0.6338373832,"p38":-0.6324139201},"SW1116":{"AKT":1.2779101225,"EGFR":1.3999492291,"ERK":0.8926770771,"GSK3":1.6513068388,"IkBa":0.9015229141,"JNK":1.269540807,"MEK":7.9888082928,"PI3Kp85":0.5578775531,"RPS6":3.5110517062,"RSKp90":0.9002644905,"SMAD2":0.7102921444,"cJun":1.0361439262,"mTOR":1.4997359129,"p38":0.7068303797},"SW1463":{"AKT":-0.3091761623,"EGFR":0.067403275,"ERK":0.5508889602,"GSK3":0.657130922,"IkBa":-0.0283825583,"JNK":0.0293687074,"MEK":6.8382821933,"PI3Kp85":0.464705968,"RPS6":4.2960521363,"RSKp90":0.5646838116,"SMAD2":0.043846908,"cJun":-0.1460422772,"mTOR":0.8850808173,"p38":0.2825193843},"SW620":{"AKT":2.8688243408,"EGFR":3.2151419533,"ERK":4.1848593587,"GSK3":3.6840951029,"IkBa":2.7100260566,"JNK":2.4422037891,"MEK":8.22562999,"PI3Kp85":3.2025157178,"RPS6":3.134451404,"RSKp90":2.0557051518,"SMAD2":2.7472213423,"cJun":3.1883532835,"mTOR":2.2001659349,"p38":2.8431981015},"SW837":{"AKT":-0.0186176693,"EGFR":0.1418497664,"ERK":0.5312714805,"GSK3":1.183289449,"IkBa":-0.2676541952,"JNK":0.9104653941,"MEK":1.7973484281,"PI3Kp85":0.2395201975,"RPS6":-0.002285286,"RSKp90":0.590918795,"SMAD2":-0.1257191964,"cJun":-0.5620728562,"mTOR":-1.8462110509,"p38":-0.5094274699}}