{"AKT":{"CAR1":-0.4168362632,"CCK81":2.2396759326,"COLO320HSR":1.1332720343,"DIFI":0.6831058647,"HCT116":-2.3687065359,"HT115":-0.531590654,"HT29":-0.0923129056,"SKCO1":0.6791318124,"SNUC2B":0.4908600667,"SNUC5":0.9182880603,"SW1116":-0.0835107848,"SW1463":-1.429112504,"SW620":0.0762609084,"SW837":-0.0540554797},"EGFR":{"CAR1":-1.4174009011,"CCK81":-0.0928716385,"COLO320HSR":0.3648695965,"DIFI":-11.3598076682,"HCT116":-1.5532930887,"HT115":-0.9146119373,"HT29":0.223426985,"SKCO1":-0.7860063724,"SNUC2B":-1.2595130142,"SNUC5":-0.224355178,"SW1116":0.6884520883,"SW1463":-1.1637874198,"SW620":-0.6925189833,"SW837":1.0152825275},"ERK":{"CAR1":-0.7467415841,"CCK81":0.9831174263,"COLO320HSR":0.3416419524,"DIFI":-0.474282224,"HCT116":-4.5875136997,"HT115":0.5580821265,"HT29":-0.2261608493,"SKCO1":1.0908022129,"SNUC2B":-1.1266427108,"SNUC5":-1.1862405499,"SW1116":1.3815012625,"SW1463":-0.707399691,"SW620":1.012589538,"SW837":0.9397164943},"GSK3":{"CAR1":-2.6174207587,"CCK81":-0.6369616426,"COLO320HSR":-0.9434461057,"DIFI":-2.1138285328,"HCT116":-0.0882826774,"HT115":-1.5380833724,"HT29":-2.3404421619,"SKCO1":-0.2048458,"SNUC2B":0.0447842786,"SNUC5":1.0982319908,"SW1116":1.5757295877,"SW1463":-1.7811643744,"SW620":1.2612773207,"SW837":1.0100655019},"IkBa":{"CAR1":-1.3337699421,"CCK81":0.1899954612,"COLO320HSR":-0.0166790697,"DIFI":-0.0847863703,"HCT116":-3.1745164219,"HT115":0.8120698791,"HT29":1.2854853581,"SKCO1":2.5382699306,"SNUC2B":0.5184898315,"SNUC5":-0.437874075,"SW1116":1.1237773313,"SW1463":0.656409732,"SW620":-0.602986299,"SW837":0.0136243786},"JNK":{"CAR1":-2.6582587227,"CCK81":-0.3401460167,"COLO320HSR":-0.2061715495,"DIFI":-1.5397806649,"HCT116":-2.1176675296,"HT115":-0.627404155,"HT29":-0.0922862074,"SKCO1":0.6196509967,"SNUC2B":-0.781998515,"SNUC5":-0.7959454592,"SW1116":1.217123325,"SW1463":-1.2511991767,"SW620":-1.9498328404,"SW837":1.3341694465},"MEK":{"CAR1":4.8915065481,"CCK81":8.9946527825,"COLO320HSR":1.4875717042,"DIFI":4.189905543,"HCT116":2.470505691,"HT115":1.0342182523,"HT29":0.5582534209,"SKCO1":3.4381378273,"SNUC2B":1.9424552879,"SNUC5":3.7722530658,"SW1116":9.9049895931,"SW1463":4.5050068469,"SW620":5.3237281454,"SW837":2.7481383188},"PI3Kp85":{"CAR1":-2.6432943023,"CCK81":-0.0603946494,"COLO320HSR":-0.3183514184,"DIFI":-1.065320533,"HCT116":-4.2220976775,"HT115":-0.920980573,"HT29":0.2415000241,"SKCO1":0.5215309286,"SNUC2B":-1.3943039017,"SNUC5":-0.3183514184,"SW1116":1.0598404933,"SW1463":-1.2081738184,"SW620":-1.223981242,"SW837":0.2395201975},"RPS6":{"CAR1":-6.845342598,"CCK81":0.3264802617,"COLO320HSR":-0.4461793737,"DIFI":-7.8504360526,"HCT116":-9.8582268594,"HT115":-2.4187066327,"HT29":-1.019118018,"SKCO1":0.7337522924,"SNUC2B":-1.0018030778,"SNUC5":-1.5953820797,"SW1116":-1.1979013875,"SW1463":0.3280172535,"SW620":-5.2450495966,"SW837":1.8900655862},"RSKp90":{"CAR1":-1.5937836943,"CCK81":1.2364260971,"COLO320HSR":0.0328568859,"DIFI":-0.5686778691,"HCT116":-1.7717345758,"HT115":0.8006350618,"HT29":-0.5376975748,"SKCO1":0.0988701941,"SNUC2B":-1.2008502402,"SNUC5":0.677447661,"SW1116":1.1926893574,"SW1463":-0.3472950722,"SW620":0.2207323218,"SW837":0.0783472249},"SMAD2":{"CAR1":-0.9396741851,"CCK81":-0.5891188364,"COLO320HSR":0.5374215079,"DIFI":-0.0374228889,"HCT116":-2.321568787,"HT115":-0.5676110423,"HT29":0.2542894766,"SKCO1":1.1860369365,"SNUC2B":-0.2703272382,"SNUC5":-0.7715339328,"SW1116":0.5952872831,"SW1463":-0.5184535742,"SW620":-1.0270775689,"SW837":0.5733508975},"cJun":{"CAR1":-5.7575261889,"CCK81":0.2343106779,"COLO320HSR":0.6580158342,"DIFI":0.7030701188,"HCT116":-6.0669696925,"HT115":-2.2031007614,"HT29":-0.9772138931,"SKCO1":0.9093207525,"SNUC2B":-0.0201786379,"SNUC5":-1.0352750995,"SW1116":0.5681866317,"SW1463":-1.2388918652,"SW620":0.4424519791,"SW837":-0.3832283345},"mTOR":{"CAR1":-0.4604047076,"CCK81":0.094325432,"COLO320HSR":-0.1338848156,"DIFI":-1.4785869436,"HCT116":-0.9855651888,"HT115":-1.7840974344,"HT29":-0.3327735905,"SKCO1":0.069706149,"SNUC2B":-1.0601234803,"SNUC5":-0.2768205747,"SW1116":1.236832856,"SW1463":-0.7974458699,"SW620":0.8671935523,"SW837":-1.5475567226},"p38":{"CAR1":-2.2177635565,"CCK81":-0.2067142958,"COLO320HSR":-0.1655601151,"DIFI":-2.1467316262,"HCT116":-3.2929747152,"HT115":-0.5239105701,"HT29":0.0605721261,"SKCO1":0.3172929487,"SNUC2B":0.2653153113,"SNUC5":-0.5225938589,"SW1116":0.7965395846,"SW1463":-0.5731663288,"SW620":-1.2120710571,"SW837":0.3317542865}}