{"CCK81":{"AKT":2.2396759326,"EGFR":-0.0928716385,"ERK":0.9831174263,"GSK3":-0.6369616426,"IkBa":0.1899954612,"JNK":-0.3401460167,"MEK":8.9946527825,"PI3Kp85":-0.0603946494,"RPS6":0.3264802617,"RSKp90":1.2364260971,"SMAD2":-0.5891188364,"cJun":0.2343106779,"mTOR":0.094325432,"p38":-0.2067142958},"COLO320HSR":{"AKT":1.1332720343,"EGFR":0.3648695965,"ERK":0.3416419524,"GSK3":-0.9434461057,"IkBa":-0.0166790697,"JNK":-0.2061715495,"MEK":1.4875717042,"PI3Kp85":-0.3183514184,"RPS6":-0.4461793737,"RSKp90":0.0328568859,"SMAD2":0.5374215079,"cJun":0.6580158342,"mTOR":-0.1338848156,"p38":-0.1655601151},"DIFI":{"AKT":0.6831058647,"EGFR":-11.3598076682,"ERK":-0.474282224,"GSK3":-2.1138285328,"IkBa":-0.0847863703,"JNK":-1.5397806649,"MEK":4.189905543,"PI3Kp85":-1.065320533,"RPS6":-7.8504360526,"RSKp90":-0.5686778691,"SMAD2":-0.0374228889,"cJun":0.7030701188,"mTOR":-1.4785869436,"p38":-2.1467316262},"HCT116":{"AKT":-2.3687065359,"EGFR":-1.5532930887,"ERK":-4.5875136997,"GSK3":-0.0882826774,"IkBa":-3.1745164219,"JNK":-2.1176675296,"MEK":2.470505691,"PI3Kp85":-4.2220976775,"RPS6":-9.8582268594,"RSKp90":-1.7717345758,"SMAD2":-2.321568787,"cJun":-6.0669696925,"mTOR":-0.9855651888,"p38":-3.2929747152},"HT115":{"AKT":-0.531590654,"EGFR":-0.9146119373,"ERK":0.5580821265,"GSK3":-1.5380833724,"IkBa":0.8120698791,"JNK":-0.627404155,"MEK":1.0342182523,"PI3Kp85":-0.920980573,"RPS6":-2.4187066327,"RSKp90":0.8006350618,"SMAD2":-0.5676110423,"cJun":-2.2031007614,"mTOR":-1.7840974344,"p38":-0.5239105701},"HT29":{"AKT":-0.0923129056,"EGFR":0.223426985,"ERK":-0.2261608493,"GSK3":-2.3404421619,"IkBa":1.2854853581,"JNK":-0.0922862074,"MEK":0.5582534209,"PI3Kp85":0.2415000241,"RPS6":-1.019118018,"RSKp90":-0.5376975748,"SMAD2":0.2542894766,"cJun":-0.9772138931,"mTOR":-0.3327735905,"p38":0.0605721261},"SKCO1":{"AKT":0.6791318124,"EGFR":-0.7860063724,"ERK":1.0908022129,"GSK3":-0.2048458,"IkBa":2.5382699306,"JNK":0.6196509967,"MEK":3.4381378273,"PI3Kp85":0.5215309286,"RPS6":0.7337522924,"RSKp90":0.0988701941,"SMAD2":1.1860369365,"cJun":0.9093207525,"mTOR":0.069706149,"p38":0.3172929487},"SNUC2B":{"AKT":0.4908600667,"EGFR":-1.2595130142,"ERK":-1.1266427108,"GSK3":0.0447842786,"IkBa":0.5184898315,"JNK":-0.781998515,"MEK":1.9424552879,"PI3Kp85":-1.3943039017,"RPS6":-1.0018030778,"RSKp90":-1.2008502402,"SMAD2":-0.2703272382,"cJun":-0.0201786379,"mTOR":-1.0601234803,"p38":0.2653153113},"SNUC5":{"AKT":0.9182880603,"EGFR":-0.224355178,"ERK":-1.1862405499,"GSK3":1.0982319908,"IkBa":-0.437874075,"JNK":-0.7959454592,"MEK":3.7722530658,"PI3Kp85":-0.3183514184,"RPS6":-1.5953820797,"RSKp90":0.677447661,"SMAD2":-0.7715339328,"cJun":-1.0352750995,"mTOR":-0.2768205747,"p38":-0.5225938589},"SW1116":{"AKT":-0.0835107848,"EGFR":0.6884520883,"ERK":1.3815012625,"GSK3":1.5757295877,"IkBa":1.1237773313,"JNK":1.217123325,"MEK":9.9049895931,"PI3Kp85":1.0598404933,"RPS6":-1.1979013875,"RSKp90":1.1926893574,"SMAD2":0.5952872831,"cJun":0.5681866317,"mTOR":1.236832856,"p38":0.7965395846},"SW1463":{"AKT":-1.429112504,"EGFR":-1.1637874198,"ERK":-0.707399691,"GSK3":-1.7811643744,"IkBa":0.656409732,"JNK":-1.2511991767,"MEK":4.5050068469,"PI3Kp85":-1.2081738184,"RPS6":0.3280172535,"RSKp90":-0.3472950722,"SMAD2":-0.5184535742,"cJun":-1.2388918652,"mTOR":-0.7974458699,"p38":-0.5731663288},"SW620":{"AKT":0.0762609084,"EGFR":-0.6925189833,"ERK":1.012589538,"GSK3":1.2612773207,"IkBa":-0.602986299,"JNK":-1.9498328404,"MEK":5.3237281454,"PI3Kp85":-1.223981242,"RPS6":-5.2450495966,"RSKp90":0.2207323218,"SMAD2":-1.0270775689,"cJun":0.4424519791,"mTOR":0.8671935523,"p38":-1.2120710571},"SW837":{"AKT":-0.0540554797,"EGFR":1.0152825275,"ERK":0.9397164943,"GSK3":1.0100655019,"IkBa":0.0136243786,"JNK":1.3341694465,"MEK":2.7481383188,"PI3Kp85":0.2395201975,"RPS6":1.8900655862,"RSKp90":0.0783472249,"SMAD2":0.5733508975,"cJun":-0.3832283345,"mTOR":-1.5475567226,"p38":0.3317542865}}