{"CCK81":{"AKT":0.1461374123,"EGFR":-0.3366768289,"ERK":-0.5240567661,"GSK3":-0.5632567887,"IkBa":-0.5643698665,"JNK":-0.4035995024,"MEK":4.8166029478,"PI3Kp85":-0.3183514184,"RPS6":-0.6898280758,"RSKp90":-0.6188952985,"SMAD2":-0.3346917797,"cJun":-1.1965548454,"mTOR":-0.516703613,"p38":-0.3646540773},"COLO320HSR":{"AKT":1.0452659,"EGFR":0.2613767133,"ERK":0.5919013848,"GSK3":-0.0023946727,"IkBa":0.4030787724,"JNK":0.3866993591,"MEK":1.1972267309,"PI3Kp85":0.042882508,"RPS6":0.5574241754,"RSKp90":0.4042388093,"SMAD2":0.8427357649,"cJun":0.7745335028,"mTOR":0.0119711586,"p38":0.3664179672},"DIFI":{"AKT":1.3979859873,"EGFR":0.6907975885,"ERK":-2.2000021564,"GSK3":-0.5990880766,"IkBa":-2.2015742521,"JNK":-1.5397806649,"MEK":7.0289457157,"PI3Kp85":-2.0723706883,"RPS6":-4.9123988976,"RSKp90":-0.6356826848,"SMAD2":-1.128410022,"cJun":-0.530519566,"mTOR":-0.9723181434,"p38":-1.8432195822},"HCT116":{"AKT":0.110740616,"EGFR":-1.2723177372,"ERK":-3.6273634736,"GSK3":0.7272747739,"IkBa":-2.5189861087,"JNK":-0.0017803123,"MEK":3.6529029629,"PI3Kp85":-1.4457557681,"RPS6":-5.497628335,"RSKp90":-1.6126600524,"SMAD2":-1.8857829539,"cJun":-1.0184311789,"mTOR":-0.1000364076,"p38":-2.4294978887},"HT115":{"AKT":2.0901406855,"EGFR":-0.9814936545,"ERK":0.0450394381,"GSK3":-1.9832087963,"IkBa":-0.3225735325,"JNK":-0.5285779491,"MEK":5.1979171098,"PI3Kp85":-1.7438004617,"RPS6":-1.4657146514,"RSKp90":-1.3794363855,"SMAD2":-0.2738239586,"cJun":-1.1237335454,"mTOR":-0.8720458989,"p38":-0.4432868669},"HT29":{"AKT":1.1308612308,"EGFR":0.0185752453,"ERK":-0.3434156578,"GSK3":-1.2529820066,"IkBa":-0.4947968292,"JNK":-0.1726624172,"MEK":2.4478965483,"PI3Kp85":-0.4043162047,"RPS6":-2.906459251,"RSKp90":-1.0620495523,"SMAD2":0.9821901415,"cJun":-0.1346283165,"mTOR":-0.9996146269,"p38":0.0605721261},"SKCO1":{"AKT":1.9844514273,"EGFR":-0.5461670801,"ERK":0.0824722751,"GSK3":0.204411395,"IkBa":1.0617261351,"JNK":0.7096257154,"MEK":4.0849450028,"PI3Kp85":-0.3183514184,"RPS6":-0.3485332855,"RSKp90":-0.5412690891,"SMAD2":0.8213983726,"cJun":1.0926356261,"mTOR":-0.0972355053,"p38":0.2000600964},"SNUC2B":{"AKT":5.8910851454,"EGFR":-0.456651074,"ERK":-0.311088361,"GSK3":0.448234612,"IkBa":0.5184898315,"JNK":-0.4803540523,"MEK":5.8249965902,"PI3Kp85":-0.9014858782,"RPS6":0.4580473382,"RSKp90":-0.7911204643,"SMAD2":-0.0405264762,"cJun":0.5961837068,"mTOR":-0.2435100524,"p38":0.9265358455},"SNUC5":{"AKT":9.1203971433,"EGFR":2.940168008,"ERK":0.8768712433,"GSK3":2.4459386111,"IkBa":1.3661510747,"JNK":0.755923542,"MEK":7.4883699528,"PI3Kp85":1.005531597,"RPS6":5.8095500312,"RSKp90":2.2598353405,"SMAD2":1.2185662001,"cJun":1.0252506118,"mTOR":1.9040791792,"p38":1.3730914399},"SW1116":{"AKT":1.4823416242,"EGFR":1.3999492291,"ERK":0.3342520266,"GSK3":0.8927264685,"IkBa":0.5641030575,"JNK":1.470543891,"MEK":7.891407398,"PI3Kp85":1.3659248761,"RPS6":-1.7338817645,"RSKp90":0.0657041916,"SMAD2":1.0646927686,"cJun":1.0601254385,"mTOR":0.7784343965,"p38":1.0514328799},"SW1463":{"AKT":-0.4089608432,"EGFR":-1.0516366152,"ERK":-1.2991547402,"GSK3":-1.0099758373,"IkBa":-1.3229092291,"JNK":-1.0456243372,"MEK":5.6549527148,"PI3Kp85":-0.9277721692,"RPS6":-1.4284325273,"RSKp90":-1.3220679388,"SMAD2":-0.9143573057,"cJun":-1.5020762664,"mTOR":-1.0039457793,"p38":-0.5731663288},"SW620":{"AKT":0.056027591,"EGFR":-1.1660567422,"ERK":-0.8334645792,"GSK3":-0.142543027,"IkBa":-1.6677528791,"JNK":-1.1274310493,"MEK":7.3026210361,"PI3Kp85":-1.223981242,"RPS6":-3.4653634254,"RSKp90":-1.220816017,"SMAD2":-0.5584234701,"cJun":0.0790996364,"mTOR":0.3484085682,"p38":-1.0235860981},"SW837":{"AKT":-1.0570731464,"EGFR":-0.2119525523,"ERK":-1.4572269137,"GSK3":-0.6848635212,"IkBa":-1.2828695863,"JNK":-0.0922862074,"MEK":-1.8153335342,"PI3Kp85":-0.5623575896,"RPS6":-1.6709435023,"RSKp90":-0.5450529546,"SMAD2":-1.0379846922,"cJun":-0.9551957,"mTOR":-3.9274045202,"p38":-0.1591333396}}