{"AKT":{"CAR1":-1.6153861671,"CCK81":0.1461374123,"COLO320HSR":1.0452659,"DIFI":1.3979859873,"HCT116":0.110740616,"HT115":2.0901406855,"HT29":1.1308612308,"SKCO1":1.9844514273,"SNUC2B":5.8910851454,"SNUC5":9.1203971433,"SW1116":1.4823416242,"SW1463":-0.4089608432,"SW620":0.056027591,"SW837":-1.0570731464},"EGFR":{"CAR1":-0.4629822823,"CCK81":-0.3366768289,"COLO320HSR":0.2613767133,"DIFI":0.6907975885,"HCT116":-1.2723177372,"HT115":-0.9814936545,"HT29":0.0185752453,"SKCO1":-0.5461670801,"SNUC2B":-0.456651074,"SNUC5":2.940168008,"SW1116":1.3999492291,"SW1463":-1.0516366152,"SW620":-1.1660567422,"SW837":-0.2119525523},"ERK":{"CAR1":-1.1116044771,"CCK81":-0.5240567661,"COLO320HSR":0.5919013848,"DIFI":-2.2000021564,"HCT116":-3.6273634736,"HT115":0.0450394381,"HT29":-0.3434156578,"SKCO1":0.0824722751,"SNUC2B":-0.311088361,"SNUC5":0.8768712433,"SW1116":0.3342520266,"SW1463":-1.2991547402,"SW620":-0.8334645792,"SW837":-1.4572269137},"GSK3":{"CAR1":-1.963515246,"CCK81":-0.5632567887,"COLO320HSR":-0.0023946727,"DIFI":-0.5990880766,"HCT116":0.7272747739,"HT115":-1.9832087963,"HT29":-1.2529820066,"SKCO1":0.204411395,"SNUC2B":0.448234612,"SNUC5":2.4459386111,"SW1116":0.8927264685,"SW1463":-1.0099758373,"SW620":-0.142543027,"SW837":-0.6848635212},"IkBa":{"CAR1":-1.2170215339,"CCK81":-0.5643698665,"COLO320HSR":0.4030787724,"DIFI":-2.2015742521,"HCT116":-2.5189861087,"HT115":-0.3225735325,"HT29":-0.4947968292,"SKCO1":1.0617261351,"SNUC2B":0.5184898315,"SNUC5":1.3661510747,"SW1116":0.5641030575,"SW1463":-1.3229092291,"SW620":-1.6677528791,"SW837":-1.2828695863},"JNK":{"CAR1":-0.9043883585,"CCK81":-0.4035995024,"COLO320HSR":0.3866993591,"DIFI":-1.5397806649,"HCT116":-0.0017803123,"HT115":-0.5285779491,"HT29":-0.1726624172,"SKCO1":0.7096257154,"SNUC2B":-0.4803540523,"SNUC5":0.755923542,"SW1116":1.470543891,"SW1463":-1.0456243372,"SW620":-1.1274310493,"SW837":-0.0922862074},"MEK":{"CAR1":1.2259761643,"CCK81":4.8166029478,"COLO320HSR":1.1972267309,"DIFI":7.0289457157,"HCT116":3.6529029629,"HT115":5.1979171098,"HT29":2.4478965483,"SKCO1":4.0849450028,"SNUC2B":5.8249965902,"SNUC5":7.4883699528,"SW1116":7.891407398,"SW1463":5.6549527148,"SW620":7.3026210361,"SW837":-1.8153335342},"PI3Kp85":{"CAR1":-1.1529086735,"CCK81":-0.3183514184,"COLO320HSR":0.042882508,"DIFI":-2.0723706883,"HCT116":-1.4457557681,"HT115":-1.7438004617,"HT29":-0.4043162047,"SKCO1":-0.3183514184,"SNUC2B":-0.9014858782,"SNUC5":1.005531597,"SW1116":1.3659248761,"SW1463":-0.9277721692,"SW620":-1.223981242,"SW837":-0.5623575896},"RPS6":{"CAR1":-2.3083729954,"CCK81":-0.6898280758,"COLO320HSR":0.5574241754,"DIFI":-4.9123988976,"HCT116":-5.497628335,"HT115":-1.4657146514,"HT29":-2.906459251,"SKCO1":-0.3485332855,"SNUC2B":0.4580473382,"SNUC5":5.8095500312,"SW1116":-1.7338817645,"SW1463":-1.4284325273,"SW620":-3.4653634254,"SW837":-1.6709435023},"RSKp90":{"CAR1":-0.99278171,"CCK81":-0.6188952985,"COLO320HSR":0.4042388093,"DIFI":-0.6356826848,"HCT116":-1.6126600524,"HT115":-1.3794363855,"HT29":-1.0620495523,"SKCO1":-0.5412690891,"SNUC2B":-0.7911204643,"SNUC5":2.2598353405,"SW1116":0.0657041916,"SW1463":-1.3220679388,"SW620":-1.220816017,"SW837":-0.5450529546},"SMAD2":{"CAR1":-0.9570167552,"CCK81":-0.3346917797,"COLO320HSR":0.8427357649,"DIFI":-1.128410022,"HCT116":-1.8857829539,"HT115":-0.2738239586,"HT29":0.9821901415,"SKCO1":0.8213983726,"SNUC2B":-0.0405264762,"SNUC5":1.2185662001,"SW1116":1.0646927686,"SW1463":-0.9143573057,"SW620":-0.5584234701,"SW837":-1.0379846922},"cJun":{"CAR1":-2.2137346718,"CCK81":-1.1965548454,"COLO320HSR":0.7745335028,"DIFI":-0.530519566,"HCT116":-1.0184311789,"HT115":-1.1237335454,"HT29":-0.1346283165,"SKCO1":1.0926356261,"SNUC2B":0.5961837068,"SNUC5":1.0252506118,"SW1116":1.0601254385,"SW1463":-1.5020762664,"SW620":0.0790996364,"SW837":-0.9551957},"mTOR":{"CAR1":-1.1556365275,"CCK81":-0.516703613,"COLO320HSR":0.0119711586,"DIFI":-0.9723181434,"HCT116":-0.1000364076,"HT115":-0.8720458989,"HT29":-0.9996146269,"SKCO1":-0.0972355053,"SNUC2B":-0.2435100524,"SNUC5":1.9040791792,"SW1116":0.7784343965,"SW1463":-1.0039457793,"SW620":0.3484085682,"SW837":-3.9274045202},"p38":{"CAR1":-0.6078612451,"CCK81":-0.3646540773,"COLO320HSR":0.3664179672,"DIFI":-1.8432195822,"HCT116":-2.4294978887,"HT115":-0.4432868669,"HT29":0.0605721261,"SKCO1":0.2000600964,"SNUC2B":0.9265358455,"SNUC5":1.3730914399,"SW1116":1.0514328799,"SW1463":-0.5731663288,"SW620":-1.0235860981,"SW837":-0.1591333396}}