{"AKT":{"CAR1":-8.7910005151,"CCK81":-3.4579421177,"COLO320HSR":0.1134169568,"DIFI":-10.2474670741,"HCT116":-5.6368305696,"HT115":-0.8965476511,"HT29":0.8406804604,"SKCO1":-1.2858444335,"SNUC2B":0.1946663043,"SNUC5":-1.7941501159,"SW1116":-1.181551773,"SW1463":-2.6838119695,"SW620":0.1163312366,"SW837":0.283134275},"EGFR":{"CAR1":-1.7398594556,"CCK81":0.0631964023,"COLO320HSR":-0.2915347271,"DIFI":-1.0689741003,"HCT116":-1.851307384,"HT115":0.0476156274,"HT29":1.6875008095,"SKCO1":-0.0142182745,"SNUC2B":-0.3897693568,"SNUC5":1.8276736985,"SW1116":0.8858975199,"SW1463":-0.4276794747,"SW620":-0.6925189833,"SW837":2.4007867989},"ERK":{"CAR1":-2.4193024464,"CCK81":-0.6528468087,"COLO320HSR":-0.4580427015,"DIFI":-2.066845527,"HCT116":-4.296436528,"HT115":-0.5452306416,"HT29":0.2620488098,"SKCO1":1.6106448838,"SNUC2B":-0.930214562,"SNUC5":-0.2955329174,"SW1116":-0.3818604449,"SW1463":0.040627304,"SW620":-0.4801708974,"SW837":1.1290420292},"GSK3":{"CAR1":-2.7922196964,"CCK81":-2.2890246649,"COLO320HSR":-1.5170766071,"DIFI":-1.6689426063,"HCT116":-0.9190332024,"HT115":-1.553664652,"HT29":-0.1899196917,"SKCO1":0.8858997257,"SNUC2B":-5.1545790585,"SNUC5":0.7284851401,"SW1116":0.5047369083,"SW1463":-1.098315349,"SW620":0.7537019673,"SW837":2.6007396047},"IkBa":{"CAR1":-2.4865632229,"CCK81":-0.2297623809,"COLO320HSR":-0.6445486059,"DIFI":-2.0119622425,"HCT116":-3.0651818987,"HT115":-0.4076086731,"HT29":1.2537455185,"SKCO1":1.0963369612,"SNUC2B":-0.8778299118,"SNUC5":-0.272542412,"SW1116":0.2459926009,"SW1463":-0.4947968292,"SW620":-1.6677528791,"SW837":-0.0545708839},"JNK":{"CAR1":-2.5036643627,"CCK81":0.1244532254,"COLO320HSR":-0.2724144193,"DIFI":-1.6075122623,"HCT116":-1.4451286545,"HT115":-0.9449532944,"HT29":0.2802775096,"SKCO1":1.123140188,"SNUC2B":-0.3401460167,"SNUC5":-0.6753722112,"SW1116":0.5709071433,"SW1463":-0.3140512282,"SW620":-0.7475532345,"SW837":1.0764116668},"MEK":{"CAR1":-0.8732242078,"CCK81":-0.0431104442,"COLO320HSR":0.3083155793,"DIFI":-1.5618494547,"HCT116":-0.1071775618,"HT115":-1.8925734735,"HT29":4.2328242442,"SKCO1":1.0254266304,"SNUC2B":0.4171146468,"SNUC5":5.820885092,"SW1116":3.3970701947,"SW1463":-0.7470416038,"SW620":-0.357706743,"SW837":0.7961512162},"PI3Kp85":{"CAR1":-2.4512221314,"CCK81":0.4150989198,"COLO320HSR":-0.5763081875,"DIFI":-2.186630331,"HCT116":-4.57393927,"HT115":-0.7110350527,"HT29":-0.1511836102,"SKCO1":0.4355661423,"SNUC2B":0.0743322159,"SNUC5":-0.2169310868,"SW1116":0.4685080026,"SW1463":-0.3183514184,"SW620":-1.1247901101,"SW837":1.0095556854},"RPS6":{"CAR1":-6.3427604128,"CCK81":1.2493716017,"COLO320HSR":-1.012260392,"DIFI":-7.2579138512,"HCT116":-5.6094823937,"HT115":-3.8070628976,"HT29":-1.9518282347,"SKCO1":3.1879102459,"SNUC2B":-5.3257795028,"SNUC5":3.0775674789,"SW1116":-3.1194034034,"SW1463":3.4804723091,"SW620":-3.4912548912,"SW837":-1.1002228653},"RSKp90":{"CAR1":-2.358508041,"CCK81":-0.8233195141,"COLO320HSR":-0.2408284743,"DIFI":-1.2096574506,"HCT116":-2.1534500229,"HT115":-1.6555717218,"HT29":-0.1319264063,"SKCO1":0.3750055304,"SNUC2B":-1.2463405792,"SNUC5":0.2644209431,"SW1116":-0.2036791784,"SW1463":-0.3472950722,"SW620":-0.804297918,"SW837":0.9386802885},"SMAD2":{"CAR1":-1.4882665453,"CCK81":-0.5018974373,"COLO320HSR":0.6238081372,"DIFI":-1.7721005596,"HCT116":-2.2827433764,"HT115":-0.1370309675,"HT29":0.3783865519,"SKCO1":2.0841807215,"SNUC2B":-0.6247278623,"SNUC5":-0.2151160088,"SW1116":0.4347730907,"SW1463":-0.5809249029,"SW620":-0.7680853049,"SW837":0.6098231934},"cJun":{"CAR1":-1.9217006916,"CCK81":-0.8860049776,"COLO320HSR":1.4839784935,"DIFI":-0.4595150281,"HCT116":-0.10866736,"HT115":-0.116960735,"HT29":1.5596094125,"SKCO1":1.8398735411,"SNUC2B":-1.2748888575,"SNUC5":-0.697839718,"SW1116":1.0361439262,"SW1463":0.2212155472,"SW620":0.4306261726,"SW837":-0.5012694979},"mTOR":{"CAR1":-0.9993944024,"CCK81":-1.1907008749,"COLO320HSR":-0.986616002,"DIFI":-1.4785869436,"HCT116":-0.604341217,"HT115":-1.2592841028,"HT29":0.1788740583,"SKCO1":0.2884442104,"SNUC2B":-0.5714544833,"SNUC5":1.8386416696,"SW1116":1.0751008023,"SW1463":-0.8847386247,"SW620":0.2175243258,"SW837":-0.9369513784},"p38":{"CAR1":-2.3026876874,"CCK81":-0.1557617499,"COLO320HSR":0.1987757785,"DIFI":-2.1467316262,"HCT116":-2.9470339228,"HT115":-0.4432868669,"HT29":1.1697430132,"SKCO1":1.3557203665,"SNUC2B":-1.2807679068,"SNUC5":-0.2635514214,"SW1116":0.2685797566,"SW1463":0.132634488,"SW620":-0.9871918028,"SW837":1.1320565831}}