{"CCK81":{"AKT":-3.4579421177,"EGFR":0.0631964023,"ERK":-0.6528468087,"GSK3":-2.2890246649,"IkBa":-0.2297623809,"JNK":0.1244532254,"MEK":-0.0431104442,"PI3Kp85":0.4150989198,"RPS6":1.2493716017,"RSKp90":-0.8233195141,"SMAD2":-0.5018974373,"cJun":-0.8860049776,"mTOR":-1.1907008749,"p38":-0.1557617499},"COLO320HSR":{"AKT":0.1134169568,"EGFR":-0.2915347271,"ERK":-0.4580427015,"GSK3":-1.5170766071,"IkBa":-0.6445486059,"JNK":-0.2724144193,"MEK":0.3083155793,"PI3Kp85":-0.5763081875,"RPS6":-1.012260392,"RSKp90":-0.2408284743,"SMAD2":0.6238081372,"cJun":1.4839784935,"mTOR":-0.986616002,"p38":0.1987757785},"DIFI":{"AKT":-10.2474670741,"EGFR":-1.0689741003,"ERK":-2.066845527,"GSK3":-1.6689426063,"IkBa":-2.0119622425,"JNK":-1.6075122623,"MEK":-1.5618494547,"PI3Kp85":-2.186630331,"RPS6":-7.2579138512,"RSKp90":-1.2096574506,"SMAD2":-1.7721005596,"cJun":-0.4595150281,"mTOR":-1.4785869436,"p38":-2.1467316262},"HCT116":{"AKT":-5.6368305696,"EGFR":-1.851307384,"ERK":-4.296436528,"GSK3":-0.9190332024,"IkBa":-3.0651818987,"JNK":-1.4451286545,"MEK":-0.1071775618,"PI3Kp85":-4.57393927,"RPS6":-5.6094823937,"RSKp90":-2.1534500229,"SMAD2":-2.2827433764,"cJun":-0.10866736,"mTOR":-0.604341217,"p38":-2.9470339228},"HT115":{"AKT":-0.8965476511,"EGFR":0.0476156274,"ERK":-0.5452306416,"GSK3":-1.553664652,"IkBa":-0.4076086731,"JNK":-0.9449532944,"MEK":-1.8925734735,"PI3Kp85":-0.7110350527,"RPS6":-3.8070628976,"RSKp90":-1.6555717218,"SMAD2":-0.1370309675,"cJun":-0.116960735,"mTOR":-1.2592841028,"p38":-0.4432868669},"HT29":{"AKT":0.8406804604,"EGFR":1.6875008095,"ERK":0.2620488098,"GSK3":-0.1899196917,"IkBa":1.2537455185,"JNK":0.2802775096,"MEK":4.2328242442,"PI3Kp85":-0.1511836102,"RPS6":-1.9518282347,"RSKp90":-0.1319264063,"SMAD2":0.3783865519,"cJun":1.5596094125,"mTOR":0.1788740583,"p38":1.1697430132},"SKCO1":{"AKT":-1.2858444335,"EGFR":-0.0142182745,"ERK":1.6106448838,"GSK3":0.8858997257,"IkBa":1.0963369612,"JNK":1.123140188,"MEK":1.0254266304,"PI3Kp85":0.4355661423,"RPS6":3.1879102459,"RSKp90":0.3750055304,"SMAD2":2.0841807215,"cJun":1.8398735411,"mTOR":0.2884442104,"p38":1.3557203665},"SNUC2B":{"AKT":0.1946663043,"EGFR":-0.3897693568,"ERK":-0.930214562,"GSK3":-5.1545790585,"IkBa":-0.8778299118,"JNK":-0.3401460167,"MEK":0.4171146468,"PI3Kp85":0.0743322159,"RPS6":-5.3257795028,"RSKp90":-1.2463405792,"SMAD2":-0.6247278623,"cJun":-1.2748888575,"mTOR":-0.5714544833,"p38":-1.2807679068},"SNUC5":{"AKT":-1.7941501159,"EGFR":1.8276736985,"ERK":-0.2955329174,"GSK3":0.7284851401,"IkBa":-0.272542412,"JNK":-0.6753722112,"MEK":5.820885092,"PI3Kp85":-0.2169310868,"RPS6":3.0775674789,"RSKp90":0.2644209431,"SMAD2":-0.2151160088,"cJun":-0.697839718,"mTOR":1.8386416696,"p38":-0.2635514214},"SW1116":{"AKT":-1.181551773,"EGFR":0.8858975199,"ERK":-0.3818604449,"GSK3":0.5047369083,"IkBa":0.2459926009,"JNK":0.5709071433,"MEK":3.3970701947,"PI3Kp85":0.4685080026,"RPS6":-3.1194034034,"RSKp90":-0.2036791784,"SMAD2":0.4347730907,"cJun":1.0361439262,"mTOR":1.0751008023,"p38":0.2685797566},"SW1463":{"AKT":-2.6838119695,"EGFR":-0.4276794747,"ERK":0.040627304,"GSK3":-1.098315349,"IkBa":-0.4947968292,"JNK":-0.3140512282,"MEK":-0.7470416038,"PI3Kp85":-0.3183514184,"RPS6":3.4804723091,"RSKp90":-0.3472950722,"SMAD2":-0.5809249029,"cJun":0.2212155472,"mTOR":-0.8847386247,"p38":0.132634488},"SW620":{"AKT":0.1163312366,"EGFR":-0.6925189833,"ERK":-0.4801708974,"GSK3":0.7537019673,"IkBa":-1.6677528791,"JNK":-0.7475532345,"MEK":-0.357706743,"PI3Kp85":-1.1247901101,"RPS6":-3.4912548912,"RSKp90":-0.804297918,"SMAD2":-0.7680853049,"cJun":0.4306261726,"mTOR":0.2175243258,"p38":-0.9871918028},"SW837":{"AKT":0.283134275,"EGFR":2.4007867989,"ERK":1.1290420292,"GSK3":2.6007396047,"IkBa":-0.0545708839,"JNK":1.0764116668,"MEK":0.7961512162,"PI3Kp85":1.0095556854,"RPS6":-1.1002228653,"RSKp90":0.9386802885,"SMAD2":0.6098231934,"cJun":-0.5012694979,"mTOR":-0.9369513784,"p38":1.1320565831}}