{"AKT":{"CAR1":-1.1569430461,"CCK81":2.1025453662,"COLO320HSR":0.7974270203,"DIFI":2.4599246048,"HCT116":3.3470405782,"HT115":-1.0967297502,"HT29":4.6275634056,"SKCO1":3.7373017948,"SNUC2B":2.1126654118,"SNUC5":9.4705450129,"SW1116":1.1703434204,"SW1463":1.4387870673,"SW620":-0.1758265325,"SW837":-1.4805504159},"EGFR":{"CAR1":-1.3785411701,"CCK81":-0.5495122523,"COLO320HSR":-0.0628548729,"DIFI":-1.9281291133,"HCT116":-2.1142433376,"HT115":-1.6282875539,"HT29":-0.2501107738,"SKCO1":-1.5849056116,"SNUC2B":-1.5033182046,"SNUC5":-0.2839405183,"SW1116":-0.2890451193,"SW1463":-0.6269931427,"SW620":-0.8973707231,"SW837":-1.0935442039},"ERK":{"CAR1":-2.7743079366,"CCK81":-0.8543137579,"COLO320HSR":-0.3951974505,"DIFI":-2.001922654,"HCT116":-5.6180134672,"HT115":-0.9946052564,"HT29":-1.0595281294,"SKCO1":-0.5389911734,"SNUC2B":-2.1571424782,"SNUC5":-1.639945644,"SW1116":0.16708874,"SW1463":-1.2673509682,"SW620":-0.9745963268,"SW837":-1.8315809376},"GSK3":{"CAR1":-2.5583036205,"CCK81":-1.8353429297,"COLO320HSR":-1.1297059154,"DIFI":-2.142004847,"HCT116":-1.8052500428,"HT115":-2.8999994831,"HT29":-0.8734611124,"SKCO1":-0.141847,"SNUC2B":-0.2961463967,"SNUC5":0.3760787512,"SW1116":-0.8356992218,"SW1463":-2.1987531911,"SW620":-1.0093433543,"SW837":-1.9684010332},"IkBa":{"CAR1":-3.2240349762,"CCK81":-0.4947968292,"COLO320HSR":-0.2817135179,"DIFI":-1.3433378139,"HCT116":-4.3555317973,"HT115":-0.4076086731,"HT29":-0.4422194992,"SKCO1":-0.4405634529,"SNUC2B":-0.7780041334,"SNUC5":-1.0544711029,"SW1116":-0.0435684841,"SW1463":-0.8256509103,"SW620":-1.5693533786,"SW837":-1.185856179},"JNK":{"CAR1":-2.0390651206,"CCK81":-0.278000944,"COLO320HSR":0.0451347202,"DIFI":-0.9902763928,"HCT116":-0.7213602868,"HT115":-0.9449532944,"HT29":-0.4275124019,"SKCO1":-0.3401460167,"SNUC2B":-1.2999430302,"SNUC5":-1.0526050682,"SW1116":0.5709071433,"SW1463":-0.7313890291,"SW620":-0.9105080139,"SW837":-1.0126848919},"MEK":{"CAR1":-0.5253889431,"CCK81":4.1594707902,"COLO320HSR":-0.8498068479,"DIFI":5.315717853,"HCT116":1.5436796099,"HT115":-1.4559159462,"HT29":-1.5615105678,"SKCO1":1.7594589253,"SNUC2B":5.658204685,"SNUC5":-0.7706727844,"SW1116":1.6349000277,"SW1463":4.4319302621,"SW620":6.6337948653,"SW837":-3.1998726582},"PI3Kp85":{"CAR1":-2.3581669826,"CCK81":0.1836115218,"COLO320HSR":0.042882508,"DIFI":-1.852179954,"HCT116":-3.2150475223,"HT115":-1.3726587052,"HT29":-0.5813198646,"SKCO1":-0.8627473156,"SNUC2B":-1.5713075616,"SNUC5":-0.5282969386,"SW1116":0.1892633883,"SW1463":0.3841142759,"SW620":-0.7484876729,"SW837":-0.8203143586},"RPS6":{"CAR1":-6.0553981816,"CCK81":-0.1928197713,"COLO320HSR":0.5172898122,"DIFI":-9.1176197998,"HCT116":-8.4299543571,"HT115":-1.2616478385,"HT29":-1.3417675568,"SKCO1":-2.2429050421,"SNUC2B":-0.7496039297,"SNUC5":0.6149443445,"SW1116":-0.7502905683,"SW1463":-1.5026220744,"SW620":-2.5158131104,"SW837":-3.1275609581},"RSKp90":{"CAR1":-1.5496581578,"CCK81":-0.162021234,"COLO320HSR":0.3412001413,"DIFI":-0.5036482225,"HCT116":-1.1944923013,"HT115":-1.8077840211,"HT29":-1.0620495523,"SKCO1":-1.3188247841,"SNUC2B":-1.2463405792,"SNUC5":0.4707584389,"SW1116":0.1648760908,"SW1463":-0.6569519349,"SW620":-0.7807019361,"SW837":-0.8332276293},"SMAD2":{"CAR1":-3.025303852,"CCK81":-0.8189195984,"COLO320HSR":-0.7565267816,"DIFI":-3.1046120814,"HCT116":-2.321568787,"HT115":-0.2738239586,"HT29":-0.7518031895,"SKCO1":-0.7094919909,"SNUC2B":-1.4195408211,"SNUC5":-2.0389347439,"SW1116":-0.5285878125,"SW1463":-0.3972723285,"SW620":-1.3857071854,"SW837":-1.662756503},"cJun":{"CAR1":-7.5358412584,"CCK81":-0.9456042295,"COLO320HSR":-1.6329422419,"DIFI":-4.210480684,"HCT116":-3.4228282832,"HT115":-3.0104851897,"HT29":-1.0238762831,"SKCO1":-0.9392747553,"SNUC2B":-0.7089148506,"SNUC5":-0.9846913227,"SW1116":-0.3832283345,"SW1463":-3.6277656645,"SW620":-1.5392961767,"SW837":-1.5747411903},"mTOR":{"CAR1":-1.1945690452,"CCK81":-1.4338753817,"COLO320HSR":-1.2685391221,"DIFI":-1.9591979385,"HCT116":-1.9590242663,"HT115":-2.3628675452,"HT29":0.2557972896,"SKCO1":-0.3515504806,"SNUC2B":-1.5500800834,"SNUC5":0.881856909,"SW1116":-0.3276353261,"SW1463":-1.4537689815,"SW620":0.3174685292,"SW837":-4.0527039491},"p38":{"CAR1":-2.0944785019,"CCK81":-0.2584953745,"COLO320HSR":-0.1655601151,"DIFI":-1.8432195822,"HCT116":-2.9942120624,"HT115":-0.2879162394,"HT29":-0.0291370788,"SKCO1":-0.5606831055,"SNUC2B":-0.2666627711,"SNUC5":-1.1140038282,"SW1116":0.0526009926,"SW1463":-0.5256361005,"SW620":-0.8804399239,"SW837":-1.2572662047}}