{"CCK81":{"AKT":2.1025453662,"EGFR":-0.5495122523,"ERK":-0.8543137579,"GSK3":-1.8353429297,"IkBa":-0.4947968292,"JNK":-0.278000944,"MEK":4.1594707902,"PI3Kp85":0.1836115218,"RPS6":-0.1928197713,"RSKp90":-0.162021234,"SMAD2":-0.8189195984,"cJun":-0.9456042295,"mTOR":-1.4338753817,"p38":-0.2584953745},"COLO320HSR":{"AKT":0.7974270203,"EGFR":-0.0628548729,"ERK":-0.3951974505,"GSK3":-1.1297059154,"IkBa":-0.2817135179,"JNK":0.0451347202,"MEK":-0.8498068479,"PI3Kp85":0.042882508,"RPS6":0.5172898122,"RSKp90":0.3412001413,"SMAD2":-0.7565267816,"cJun":-1.6329422419,"mTOR":-1.2685391221,"p38":-0.1655601151},"DIFI":{"AKT":2.4599246048,"EGFR":-1.9281291133,"ERK":-2.001922654,"GSK3":-2.142004847,"IkBa":-1.3433378139,"JNK":-0.9902763928,"MEK":5.315717853,"PI3Kp85":-1.852179954,"RPS6":-9.1176197998,"RSKp90":-0.5036482225,"SMAD2":-3.1046120814,"cJun":-4.210480684,"mTOR":-1.9591979385,"p38":-1.8432195822},"HCT116":{"AKT":3.3470405782,"EGFR":-2.1142433376,"ERK":-5.6180134672,"GSK3":-1.8052500428,"IkBa":-4.3555317973,"JNK":-0.7213602868,"MEK":1.5436796099,"PI3Kp85":-3.2150475223,"RPS6":-8.4299543571,"RSKp90":-1.1944923013,"SMAD2":-2.321568787,"cJun":-3.4228282832,"mTOR":-1.9590242663,"p38":-2.9942120624},"HT115":{"AKT":-1.0967297502,"EGFR":-1.6282875539,"ERK":-0.9946052564,"GSK3":-2.8999994831,"IkBa":-0.4076086731,"JNK":-0.9449532944,"MEK":-1.4559159462,"PI3Kp85":-1.3726587052,"RPS6":-1.2616478385,"RSKp90":-1.8077840211,"SMAD2":-0.2738239586,"cJun":-3.0104851897,"mTOR":-2.3628675452,"p38":-0.2879162394},"HT29":{"AKT":4.6275634056,"EGFR":-0.2501107738,"ERK":-1.0595281294,"GSK3":-0.8734611124,"IkBa":-0.4422194992,"JNK":-0.4275124019,"MEK":-1.5615105678,"PI3Kp85":-0.5813198646,"RPS6":-1.3417675568,"RSKp90":-1.0620495523,"SMAD2":-0.7518031895,"cJun":-1.0238762831,"mTOR":0.2557972896,"p38":-0.0291370788},"SKCO1":{"AKT":3.7373017948,"EGFR":-1.5849056116,"ERK":-0.5389911734,"GSK3":-0.141847,"IkBa":-0.4405634529,"JNK":-0.3401460167,"MEK":1.7594589253,"PI3Kp85":-0.8627473156,"RPS6":-2.2429050421,"RSKp90":-1.3188247841,"SMAD2":-0.7094919909,"cJun":-0.9392747553,"mTOR":-0.3515504806,"p38":-0.5606831055},"SNUC2B":{"AKT":2.1126654118,"EGFR":-1.5033182046,"ERK":-2.1571424782,"GSK3":-0.2961463967,"IkBa":-0.7780041334,"JNK":-1.2999430302,"MEK":5.658204685,"PI3Kp85":-1.5713075616,"RPS6":-0.7496039297,"RSKp90":-1.2463405792,"SMAD2":-1.4195408211,"cJun":-0.7089148506,"mTOR":-1.5500800834,"p38":-0.2666627711},"SNUC5":{"AKT":9.4705450129,"EGFR":-0.2839405183,"ERK":-1.639945644,"GSK3":0.3760787512,"IkBa":-1.0544711029,"JNK":-1.0526050682,"MEK":-0.7706727844,"PI3Kp85":-0.5282969386,"RPS6":0.6149443445,"RSKp90":0.4707584389,"SMAD2":-2.0389347439,"cJun":-0.9846913227,"mTOR":0.881856909,"p38":-1.1140038282},"SW1116":{"AKT":1.1703434204,"EGFR":-0.2890451193,"ERK":0.16708874,"GSK3":-0.8356992218,"IkBa":-0.0435684841,"JNK":0.5709071433,"MEK":1.6349000277,"PI3Kp85":0.1892633883,"RPS6":-0.7502905683,"RSKp90":0.1648760908,"SMAD2":-0.5285878125,"cJun":-0.3832283345,"mTOR":-0.3276353261,"p38":0.0526009926},"SW1463":{"AKT":1.4387870673,"EGFR":-0.6269931427,"ERK":-1.2673509682,"GSK3":-2.1987531911,"IkBa":-0.8256509103,"JNK":-0.7313890291,"MEK":4.4319302621,"PI3Kp85":0.3841142759,"RPS6":-1.5026220744,"RSKp90":-0.6569519349,"SMAD2":-0.3972723285,"cJun":-3.6277656645,"mTOR":-1.4537689815,"p38":-0.5256361005},"SW620":{"AKT":-0.1758265325,"EGFR":-0.8973707231,"ERK":-0.9745963268,"GSK3":-1.0093433543,"IkBa":-1.5693533786,"JNK":-0.9105080139,"MEK":6.6337948653,"PI3Kp85":-0.7484876729,"RPS6":-2.5158131104,"RSKp90":-0.7807019361,"SMAD2":-1.3857071854,"cJun":-1.5392961767,"mTOR":0.3174685292,"p38":-0.8804399239},"SW837":{"AKT":-1.4805504159,"EGFR":-1.0935442039,"ERK":-1.8315809376,"GSK3":-1.9684010332,"IkBa":-1.185856179,"JNK":-1.0126848919,"MEK":-3.1998726582,"PI3Kp85":-0.8203143586,"RPS6":-3.1275609581,"RSKp90":-0.8332276293,"SMAD2":-1.662756503,"cJun":-1.5747411903,"mTOR":-4.0527039491,"p38":-1.2572662047}}