{"AKT":{"CAR1":-8.2565487206,"CCK81":-9.186348218,"COLO320HSR":-0.1386704841,"DIFI":-10.3408347934,"HCT116":-5.7300090647,"HT115":-1.9848470958,"HT29":-0.369768793,"SKCO1":-1.535196188,"SNUC2B":-1.1155934188,"SNUC5":-1.6101747224,"SW1116":-0.6622281349,"SW1463":-3.3707822809,"SW620":0.2525908451,"SW837":-0.0899077768},"EGFR":{"CAR1":-1.0059590912,"CCK81":-0.1326753409,"COLO320HSR":-0.2915347271,"DIFI":-3.4760610418,"HCT116":-1.2723177372,"HT115":1.5025778081,"HT29":0.2733333059,"SKCO1":0.1510319205,"SNUC2B":-2.0305083164,"SNUC5":1.5052151441,"SW1116":1.1496397936,"SW1463":-0.2361332793,"SW620":0.0508916891,"SW837":1.6573761265},"ERK":{"CAR1":-0.2982231534,"CCK81":-0.1612379764,"COLO320HSR":-0.5219098711,"DIFI":-2.001922654,"HCT116":-4.3529518108,"HT115":0.4770948369,"HT29":0.3127300857,"SKCO1":1.6106448838,"SNUC2B":-1.2286677817,"SNUC5":-0.5300948063,"SW1116":0.9397164943,"SW1463":-0.5990412496,"SW620":-0.0034964724,"SW837":1.3535456684},"GSK3":{"CAR1":-2.3718721169,"CCK81":-1.0524480742,"COLO320HSR":-1.5663934446,"DIFI":-1.6170441586,"HCT116":-2.2703454682,"HT115":-1.4289353214,"HT29":-0.4753132064,"SKCO1":0.5466062139,"SNUC2B":-4.8779054564,"SNUC5":1.167949515,"SW1116":-0.2651340684,"SW1463":-0.6806239083,"SW620":2.9161742319,"SW837":3.8630790543},"IkBa":{"CAR1":-1.7098248091,"CCK81":-0.3597305682,"COLO320HSR":0.1695148272,"DIFI":-1.7174454102,"HCT116":-3.8471105895,"HT115":0.0736962669,"HT29":0.3052960038,"SKCO1":1.4866124193,"SNUC2B":-1.1959403684,"SNUC5":-0.6115452373,"SW1116":0.7609422433,"SW1463":-0.2906631094,"SW620":-0.9495772615,"SW837":0.0136243786},"JNK":{"CAR1":-2.3091498264,"CCK81":-0.4035995024,"COLO320HSR":-0.2061715495,"DIFI":-1.8947704006,"HCT116":-1.7152133603,"HT115":-0.4328896187,"HT29":-0.1726624172,"SKCO1":1.0842502388,"SNUC2B":-0.3401460167,"SNUC5":-0.038501554,"SW1116":1.217123325,"SW1463":-0.2625298156,"SW620":-0.8689359169,"SW837":0.9104653941},"MEK":{"CAR1":4.8341055206,"CCK81":4.2496553858,"COLO320HSR":0.419924621,"DIFI":2.1917980138,"HCT116":0.8769619432,"HT115":2.8513660114,"HT29":4.2479764279,"SKCO1":3.6868351065,"SNUC2B":0.275000174,"SNUC5":4.3490593984,"SW1116":4.1895919514,"SW1463":1.4641546655,"SW620":4.7087556232,"SW837":3.3962602871},"PI3Kp85":{"CAR1":-2.7424854341,"CCK81":-0.4530782837,"COLO320HSR":-0.1946994417,"DIFI":-1.852179954,"HCT116":-3.6905410914,"HT115":-0.134121152,"HT29":-0.5813198646,"SKCO1":0.4355661423,"SNUC2B":-0.0528033695,"SNUC5":-0.2169310868,"SW1116":0.8158343222,"SW1463":-0.0868640204,"SW620":-0.3183514184,"SW837":0.6409415205},"RPS6":{"CAR1":-5.6448713321,"CCK81":0.8168419442,"COLO320HSR":-0.0487912061,"DIFI":-7.2945756301,"HCT116":-5.534535758,"HT115":-1.4136250165,"HT29":-0.6287766412,"SKCO1":4.7818485738,"SNUC2B":-4.0500323836,"SNUC5":1.7865142695,"SW1116":-0.0079073261,"SW1463":-0.2103484809,"SW620":-1.4017199684,"SW837":0.6396353616},"RSKp90":{"CAR1":-2.0639106449,"CCK81":-0.6582928326,"COLO320HSR":-0.1591078993,"DIFI":-1.1475067695,"HCT116":-1.965574587,"HT115":-0.4139528096,"HT29":-0.1855210242,"SKCO1":-0.0359016722,"SNUC2B":-1.2927886796,"SNUC5":0.2859450482,"SW1116":0.563070137,"SW1463":-0.4004591695,"SW620":0.5264815696,"SW837":0.9615427033},"SMAD2":{"CAR1":-1.8870898338,"CCK81":-0.4171333087,"COLO320HSR":-0.5820473229,"DIFI":-1.5848179599,"HCT116":-2.565669676,"HT115":-0.2046501632,"HT29":0.5554333551,"SKCO1":0.6699738399,"SNUC2B":-1.7133279048,"SNUC5":-0.3756302013,"SW1116":-0.1055869044,"SW1463":-0.5809249029,"SW620":-0.5011088309,"SW837":0.8867013954},"cJun":{"CAR1":-0.7778617076,"CCK81":-0.770234402,"COLO320HSR":1.2001350489,"DIFI":0.511655513,"HCT116":-2.0667172526,"HT115":0.6817327723,"HT29":-0.0314297309,"SKCO1":2.0460955483,"SNUC2B":-1.2748888575,"SNUC5":-0.7904520674,"SW1116":1.2899824335,"SW1463":0.1810563527,"SW620":2.091089658,"SW837":0.2883587499},"mTOR":{"CAR1":-0.744023643,"CCK81":-0.4280711572,"COLO320HSR":-1.4003959446,"DIFI":-1.1857433136,"HCT116":-1.564649207,"HT115":-0.8649090435,"HT29":0.3707228988,"SKCO1":0.520567362,"SNUC2B":-1.4567293152,"SNUC5":-0.0463044795,"SW1116":0.6817111312,"SW1463":-0.3210206862,"SW620":0.8027647901,"SW837":0.4994104272},"p38":{"CAR1":-1.7509097515,"CCK81":-0.4190907222,"COLO320HSR":-0.0704943637,"DIFI":-2.1467316262,"HCT116":-3.0907184229,"HT115":-0.0682107736,"HT29":0.1478232327,"SKCO1":1.1261098659,"SNUC2B":-1.0258746115,"SNUC5":-0.1176725033,"SW1116":1.0514328799,"SW1463":-0.0448739716,"SW620":-0.3056807961,"SW837":0.8063530475}}