{"CCK81":{"AKT":-9.186348218,"EGFR":-0.1326753409,"ERK":-0.1612379764,"GSK3":-1.0524480742,"IkBa":-0.3597305682,"JNK":-0.4035995024,"MEK":4.2496553858,"PI3Kp85":-0.4530782837,"RPS6":0.8168419442,"RSKp90":-0.6582928326,"SMAD2":-0.4171333087,"cJun":-0.770234402,"mTOR":-0.4280711572,"p38":-0.4190907222},"COLO320HSR":{"AKT":-0.1386704841,"EGFR":-0.2915347271,"ERK":-0.5219098711,"GSK3":-1.5663934446,"IkBa":0.1695148272,"JNK":-0.2061715495,"MEK":0.419924621,"PI3Kp85":-0.1946994417,"RPS6":-0.0487912061,"RSKp90":-0.1591078993,"SMAD2":-0.5820473229,"cJun":1.2001350489,"mTOR":-1.4003959446,"p38":-0.0704943637},"DIFI":{"AKT":-10.3408347934,"EGFR":-3.4760610418,"ERK":-2.001922654,"GSK3":-1.6170441586,"IkBa":-1.7174454102,"JNK":-1.8947704006,"MEK":2.1917980138,"PI3Kp85":-1.852179954,"RPS6":-7.2945756301,"RSKp90":-1.1475067695,"SMAD2":-1.5848179599,"cJun":0.511655513,"mTOR":-1.1857433136,"p38":-2.1467316262},"HCT116":{"AKT":-5.7300090647,"EGFR":-1.2723177372,"ERK":-4.3529518108,"GSK3":-2.2703454682,"IkBa":-3.8471105895,"JNK":-1.7152133603,"MEK":0.8769619432,"PI3Kp85":-3.6905410914,"RPS6":-5.534535758,"RSKp90":-1.965574587,"SMAD2":-2.565669676,"cJun":-2.0667172526,"mTOR":-1.564649207,"p38":-3.0907184229},"HT115":{"AKT":-1.9848470958,"EGFR":1.5025778081,"ERK":0.4770948369,"GSK3":-1.4289353214,"IkBa":0.0736962669,"JNK":-0.4328896187,"MEK":2.8513660114,"PI3Kp85":-0.134121152,"RPS6":-1.4136250165,"RSKp90":-0.4139528096,"SMAD2":-0.2046501632,"cJun":0.6817327723,"mTOR":-0.8649090435,"p38":-0.0682107736},"HT29":{"AKT":-0.369768793,"EGFR":0.2733333059,"ERK":0.3127300857,"GSK3":-0.4753132064,"IkBa":0.3052960038,"JNK":-0.1726624172,"MEK":4.2479764279,"PI3Kp85":-0.5813198646,"RPS6":-0.6287766412,"RSKp90":-0.1855210242,"SMAD2":0.5554333551,"cJun":-0.0314297309,"mTOR":0.3707228988,"p38":0.1478232327},"SKCO1":{"AKT":-1.535196188,"EGFR":0.1510319205,"ERK":1.6106448838,"GSK3":0.5466062139,"IkBa":1.4866124193,"JNK":1.0842502388,"MEK":3.6868351065,"PI3Kp85":0.4355661423,"RPS6":4.7818485738,"RSKp90":-0.0359016722,"SMAD2":0.6699738399,"cJun":2.0460955483,"mTOR":0.520567362,"p38":1.1261098659},"SNUC2B":{"AKT":-1.1155934188,"EGFR":-2.0305083164,"ERK":-1.2286677817,"GSK3":-4.8779054564,"IkBa":-1.1959403684,"JNK":-0.3401460167,"MEK":0.275000174,"PI3Kp85":-0.0528033695,"RPS6":-4.0500323836,"RSKp90":-1.2927886796,"SMAD2":-1.7133279048,"cJun":-1.2748888575,"mTOR":-1.4567293152,"p38":-1.0258746115},"SNUC5":{"AKT":-1.6101747224,"EGFR":1.5052151441,"ERK":-0.5300948063,"GSK3":1.167949515,"IkBa":-0.6115452373,"JNK":-0.038501554,"MEK":4.3490593984,"PI3Kp85":-0.2169310868,"RPS6":1.7865142695,"RSKp90":0.2859450482,"SMAD2":-0.3756302013,"cJun":-0.7904520674,"mTOR":-0.0463044795,"p38":-0.1176725033},"SW1116":{"AKT":-0.6622281349,"EGFR":1.1496397936,"ERK":0.9397164943,"GSK3":-0.2651340684,"IkBa":0.7609422433,"JNK":1.217123325,"MEK":4.1895919514,"PI3Kp85":0.8158343222,"RPS6":-0.0079073261,"RSKp90":0.563070137,"SMAD2":-0.1055869044,"cJun":1.2899824335,"mTOR":0.6817111312,"p38":1.0514328799},"SW1463":{"AKT":-3.3707822809,"EGFR":-0.2361332793,"ERK":-0.5990412496,"GSK3":-0.6806239083,"IkBa":-0.2906631094,"JNK":-0.2625298156,"MEK":1.4641546655,"PI3Kp85":-0.0868640204,"RPS6":-0.2103484809,"RSKp90":-0.4004591695,"SMAD2":-0.5809249029,"cJun":0.1810563527,"mTOR":-0.3210206862,"p38":-0.0448739716},"SW620":{"AKT":0.2525908451,"EGFR":0.0508916891,"ERK":-0.0034964724,"GSK3":2.9161742319,"IkBa":-0.9495772615,"JNK":-0.8689359169,"MEK":4.7087556232,"PI3Kp85":-0.3183514184,"RPS6":-1.4017199684,"RSKp90":0.5264815696,"SMAD2":-0.5011088309,"cJun":2.091089658,"mTOR":0.8027647901,"p38":-0.3056807961},"SW837":{"AKT":-0.0899077768,"EGFR":1.6573761265,"ERK":1.3535456684,"GSK3":3.8630790543,"IkBa":0.0136243786,"JNK":0.9104653941,"MEK":3.3962602871,"PI3Kp85":0.6409415205,"RPS6":0.6396353616,"RSKp90":0.9615427033,"SMAD2":0.8867013954,"cJun":0.2883587499,"mTOR":0.4994104272,"p38":0.8063530475}}