{"AKT":{"CAR1":-1.3491353329,"CCK81":-0.6618925615,"COLO320HSR":0.3463393279,"DIFI":-1.6026428914,"HCT116":-1.0777430593,"HT115":-0.9678377586,"HT29":1.1407334985,"SKCO1":1.365663749,"SNUC2B":-1.4766380523,"SNUC5":4.2815532821,"SW1116":0.5405885159,"SW1463":-1.0385180415,"SW620":0.4551792745,"SW837":0.6441789085},"EGFR":{"CAR1":-0.3049065917,"CCK81":-0.5062015723,"COLO320HSR":-0.7192591964,"DIFI":-1.1339827619,"HCT116":0.5979397523,"HT115":-0.0073093058,"HT29":0.223426985,"SKCO1":0.902987976,"SNUC2B":-1.4206989425,"SNUC5":0.9780250323,"SW1116":0.9627073698,"SW1463":-0.9419875253,"SW620":0.6202896637,"SW837":0.8407412203},"ERK":{"CAR1":0.2788820258,"CCK81":-0.4612115152,"COLO320HSR":-0.2124787202,"DIFI":-1.2965564119,"HCT116":0.8725739296,"HT115":0.7152128551,"HT29":0.105958957,"SKCO1":0.7825857657,"SNUC2B":-1.7827884543,"SNUC5":1.4276562517,"SW1116":0.16708874,"SW1463":-0.4163225193,"SW620":0.5535762819,"SW837":0.3099315503},"GSK3":{"CAR1":-1.864221367,"CCK81":-1.2508911035,"COLO320HSR":-1.2085212503,"DIFI":-1.7843658458,"HCT116":-0.3361300424,"HT115":-0.8786248081,"HT29":-0.3104592097,"SKCO1":-0.0831362324,"SNUC2B":-5.4480301854,"SNUC5":2.0079708198,"SW1116":1.6821041347,"SW1463":0.3128488282,"SW620":1.3691905253,"SW837":2.2946760499},"IkBa":{"CAR1":-0.1835368786,"CCK81":-0.6353775,"COLO320HSR":-0.2817135179,"DIFI":-1.194663724,"HCT116":-0.4693815978,"HT115":-0.1585545237,"HT29":0.2630408943,"SKCO1":1.9464609146,"SNUC2B":-1.1959403684,"SNUC5":0.495907795,"SW1116":0.133072707,"SW1463":-0.768253778,"SW620":0.0914019522,"SW837":-0.1951515548},"JNK":{"CAR1":0.7052984652,"CCK81":0.1244532254,"COLO320HSR":-0.2061715495,"DIFI":-0.8806668865,"HCT116":0.2291868087,"HT115":0.0850548964,"HT29":-0.0922862074,"SKCO1":1.123140188,"SNUC2B":-0.627404155,"SNUC5":-0.0867254507,"SW1116":1.1637780519,"SW1463":-0.5857602559,"SW620":-0.0750143593,"SW837":0.2802775096},"MEK":{"CAR1":-0.5949572551,"CCK81":0.0264578678,"COLO320HSR":-0.3688354712,"DIFI":-1.7158130732,"HCT116":-1.2034461242,"HT115":0.6057325902,"HT29":1.8055101853,"SKCO1":1.5218163911,"SNUC2B":-2.0858090549,"SNUC5":2.8861096185,"SW1116":6.0651391838,"SW1463":-0.0388883709,"SW620":0.5507907869,"SW837":0.429240211},"PI3Kp85":{"CAR1":0.5819470226,"CCK81":0.0632573273,"COLO320HSR":0.1571421507,"DIFI":-0.7179942134,"HCT116":-0.7153557949,"HT115":-0.4133657662,"HT29":0.0100126261,"SKCO1":1.3726456738,"SNUC2B":-0.3183514184,"SNUC5":0.605888802,"SW1116":0.3773328849,"SW1463":-0.4631664577,"SW620":-0.0015185582,"SW837":-0.4387056129},"RPS6":{"CAR1":0.8031230819,"CCK81":0.7455337292,"COLO320HSR":0.7137140464,"DIFI":-2.1067825803,"HCT116":-0.0276991044,"HT115":1.2588704629,"HT29":0.1721015591,"SKCO1":3.1773349825,"SNUC2B":-3.3938300895,"SNUC5":3.6110365063,"SW1116":1.8745277503,"SW1463":2.0043400257,"SW620":1.4762744177,"SW837":3.1062623707},"RSKp90":{"CAR1":-0.1095862316,"CCK81":-0.5233737437,"COLO320HSR":-0.1591078993,"DIFI":-0.1964993386,"HCT116":0.9049971415,"HT115":0.128051028,"HT29":-0.6022739882,"SKCO1":0.5944362592,"SNUC2B":-1.4890249149,"SNUC5":1.565999125,"SW1116":0.3729446211,"SW1463":-0.3870475581,"SW620":0.3368750992,"SW837":0.2731386642},"SMAD2":{"CAR1":0.1866702809,"CCK81":-0.3756302013,"COLO320HSR":0.41824048,"DIFI":-0.8113878609,"HCT116":0.043729001,"HT115":0.298003479,"HT29":0.3478388014,"SKCO1":0.8028818368,"SNUC2B":-1.28274783,"SNUC5":0.541070905,"SW1116":0.6724434998,"SW1463":-0.4775151526,"SW620":0.2926901674,"SW837":1.140234667},"cJun":{"CAR1":-1.2983945313,"CCK81":-1.0064075878,"COLO320HSR":-0.3427956341,"DIFI":-1.4043397055,"HCT116":-1.8531763763,"HT115":-1.1237335454,"HT29":-0.2054472044,"SKCO1":1.1869057358,"SNUC2B":-1.2748888575,"SNUC5":0.1679866217,"SW1116":1.0601254385,"SW1463":-0.7790673213,"SW620":0.3948673694,"SW837":-0.2144178932},"mTOR":{"CAR1":-0.9313394881,"CCK81":-0.7681931384,"COLO320HSR":-1.2685391221,"DIFI":-1.0608093572,"HCT116":0.2569395586,"HT115":-0.4959737461,"HT29":0.1526704231,"SKCO1":0.4311451437,"SNUC2B":-2.8820437186,"SNUC5":1.2908844916,"SW1116":1.2883902399,"SW1463":0.0202987927,"SW620":0.9708444504,"SW837":-0.3474905143},"p38":{"CAR1":0.6323761318,"CCK81":-0.0562390822,"COLO320HSR":-0.1176725033,"DIFI":-1.3939595578,"HCT116":0.117300959,"HT115":0.2029713867,"HT29":0.4747219142,"SKCO1":0.355430724,"SNUC2B":-1.150771646,"SNUC5":0.5642745227,"SW1116":0.7068303797,"SW1463":-0.43265238,"SW620":0.2060068137,"SW837":0.4979380524}}