{"CCK81":{"AKT":-0.6618925615,"EGFR":-0.5062015723,"ERK":-0.4612115152,"GSK3":-1.2508911035,"IkBa":-0.6353775,"JNK":0.1244532254,"MEK":0.0264578678,"PI3Kp85":0.0632573273,"RPS6":0.7455337292,"RSKp90":-0.5233737437,"SMAD2":-0.3756302013,"cJun":-1.0064075878,"mTOR":-0.7681931384,"p38":-0.0562390822},"COLO320HSR":{"AKT":0.3463393279,"EGFR":-0.7192591964,"ERK":-0.2124787202,"GSK3":-1.2085212503,"IkBa":-0.2817135179,"JNK":-0.2061715495,"MEK":-0.3688354712,"PI3Kp85":0.1571421507,"RPS6":0.7137140464,"RSKp90":-0.1591078993,"SMAD2":0.41824048,"cJun":-0.3427956341,"mTOR":-1.2685391221,"p38":-0.1176725033},"DIFI":{"AKT":-1.6026428914,"EGFR":-1.1339827619,"ERK":-1.2965564119,"GSK3":-1.7843658458,"IkBa":-1.194663724,"JNK":-0.8806668865,"MEK":-1.7158130732,"PI3Kp85":-0.7179942134,"RPS6":-2.1067825803,"RSKp90":-0.1964993386,"SMAD2":-0.8113878609,"cJun":-1.4043397055,"mTOR":-1.0608093572,"p38":-1.3939595578},"HCT116":{"AKT":-1.0777430593,"EGFR":0.5979397523,"ERK":0.8725739296,"GSK3":-0.3361300424,"IkBa":-0.4693815978,"JNK":0.2291868087,"MEK":-1.2034461242,"PI3Kp85":-0.7153557949,"RPS6":-0.0276991044,"RSKp90":0.9049971415,"SMAD2":0.043729001,"cJun":-1.8531763763,"mTOR":0.2569395586,"p38":0.117300959},"HT115":{"AKT":-0.9678377586,"EGFR":-0.0073093058,"ERK":0.7152128551,"GSK3":-0.8786248081,"IkBa":-0.1585545237,"JNK":0.0850548964,"MEK":0.6057325902,"PI3Kp85":-0.4133657662,"RPS6":1.2588704629,"RSKp90":0.128051028,"SMAD2":0.298003479,"cJun":-1.1237335454,"mTOR":-0.4959737461,"p38":0.2029713867},"HT29":{"AKT":1.1407334985,"EGFR":0.223426985,"ERK":0.105958957,"GSK3":-0.3104592097,"IkBa":0.2630408943,"JNK":-0.0922862074,"MEK":1.8055101853,"PI3Kp85":0.0100126261,"RPS6":0.1721015591,"RSKp90":-0.6022739882,"SMAD2":0.3478388014,"cJun":-0.2054472044,"mTOR":0.1526704231,"p38":0.4747219142},"SKCO1":{"AKT":1.365663749,"EGFR":0.902987976,"ERK":0.7825857657,"GSK3":-0.0831362324,"IkBa":1.9464609146,"JNK":1.123140188,"MEK":1.5218163911,"PI3Kp85":1.3726456738,"RPS6":3.1773349825,"RSKp90":0.5944362592,"SMAD2":0.8028818368,"cJun":1.1869057358,"mTOR":0.4311451437,"p38":0.355430724},"SNUC2B":{"AKT":-1.4766380523,"EGFR":-1.4206989425,"ERK":-1.7827884543,"GSK3":-5.4480301854,"IkBa":-1.1959403684,"JNK":-0.627404155,"MEK":-2.0858090549,"PI3Kp85":-0.3183514184,"RPS6":-3.3938300895,"RSKp90":-1.4890249149,"SMAD2":-1.28274783,"cJun":-1.2748888575,"mTOR":-2.8820437186,"p38":-1.150771646},"SNUC5":{"AKT":4.2815532821,"EGFR":0.9780250323,"ERK":1.4276562517,"GSK3":2.0079708198,"IkBa":0.495907795,"JNK":-0.0867254507,"MEK":2.8861096185,"PI3Kp85":0.605888802,"RPS6":3.6110365063,"RSKp90":1.565999125,"SMAD2":0.541070905,"cJun":0.1679866217,"mTOR":1.2908844916,"p38":0.5642745227},"SW1116":{"AKT":0.5405885159,"EGFR":0.9627073698,"ERK":0.16708874,"GSK3":1.6821041347,"IkBa":0.133072707,"JNK":1.1637780519,"MEK":6.0651391838,"PI3Kp85":0.3773328849,"RPS6":1.8745277503,"RSKp90":0.3729446211,"SMAD2":0.6724434998,"cJun":1.0601254385,"mTOR":1.2883902399,"p38":0.7068303797},"SW1463":{"AKT":-1.0385180415,"EGFR":-0.9419875253,"ERK":-0.4163225193,"GSK3":0.3128488282,"IkBa":-0.768253778,"JNK":-0.5857602559,"MEK":-0.0388883709,"PI3Kp85":-0.4631664577,"RPS6":2.0043400257,"RSKp90":-0.3870475581,"SMAD2":-0.4775151526,"cJun":-0.7790673213,"mTOR":0.0202987927,"p38":-0.43265238},"SW620":{"AKT":0.4551792745,"EGFR":0.6202896637,"ERK":0.5535762819,"GSK3":1.3691905253,"IkBa":0.0914019522,"JNK":-0.0750143593,"MEK":0.5507907869,"PI3Kp85":-0.0015185582,"RPS6":1.4762744177,"RSKp90":0.3368750992,"SMAD2":0.2926901674,"cJun":0.3948673694,"mTOR":0.9708444504,"p38":0.2060068137},"SW837":{"AKT":0.6441789085,"EGFR":0.8407412203,"ERK":0.3099315503,"GSK3":2.2946760499,"IkBa":-0.1951515548,"JNK":0.2802775096,"MEK":0.429240211,"PI3Kp85":-0.4387056129,"RPS6":3.1062623707,"RSKp90":0.2731386642,"SMAD2":1.140234667,"cJun":-0.2144178932,"mTOR":-0.3474905143,"p38":0.4979380524}}