{"CCK81":{"PLX":4.6395537611,"IKK":2.3527328844,"MEK":3.8459186856,"mTOR":0.3564935993,"PI3K":2.7939627251,"TAK":2.6969869281,"TBK1":2.8444758084},"COLO320HSR":{"PLX":4.0243945832,"IKK":1.2331227446,"MEK":3.4485829139,"mTOR":-0.3285117729,"PI3K":2.8247959163,"TAK":1.3998842323,"TBK1":1.8775199437},"DIFI":{"PLX":5.0038242886,"IKK":null,"MEK":1.6204394263,"mTOR":0.2458254727,"PI3K":4.11395988,"TAK":1.0963058164,"TBK1":2.3470121345},"HCT116":{"PLX":4.5079923094,"IKK":2.6956803785,"MEK":-0.0906377379,"mTOR":0.1009689222,"PI3K":2.3869385432,"TAK":-0.723540454,"TBK1":1.5658367942},"HT115":{"PLX":4.7033825316,"IKK":5.1081841151,"MEK":1.859302614,"mTOR":0.6763991386,"PI3K":3.5224123607,"TAK":-0.5468969347,"TBK1":2.5455470312},"HT29":{"PLX":3.0217406239,"IKK":2.7760189482,"MEK":-1.8705500502,"mTOR":0.5909559895,"PI3K":4.126092681,"TAK":-0.0467197044,"TBK1":4.2121409688},"SKCO1":{"PLX":4.1232220362,"IKK":4.6922124306,"MEK":-0.2561346153,"mTOR":0.2515103092,"PI3K":3.8170018599,"TAK":-0.8524475568,"TBK1":1.9525256363},"SNUC2B":{"PLX":4.9408856421,"IKK":2.6112307299,"MEK":1.8133369587,"mTOR":0.8665008653,"PI3K":null,"TAK":-0.1547452149,"TBK1":3.1732147522},"SNUC5":{"PLX":2.587709967,"IKK":3.7133781307,"MEK":0.8133232487,"mTOR":0.8130038852,"PI3K":1.9757904171,"TAK":0.4240848849,"TBK1":2.1276067263},"SW1116":{"PLX":5.9565902245,"IKK":6.5894842024,"MEK":0.4766707816,"mTOR":null,"PI3K":3.7424288545,"TAK":0.2812003905,"TBK1":null},"SW1463":{"PLX":6.3350711173,"IKK":4.764149717,"MEK":0.6247892497,"mTOR":null,"PI3K":5.8734090776,"TAK":2.3050883671,"TBK1":null},"SW620":{"PLX":4.4332531548,"IKK":1.2674111157,"MEK":-0.8073207032,"mTOR":1.2168418685,"PI3K":2.5352388891,"TAK":-0.8603169374,"TBK1":1.5145612396},"SW837":{"PLX":5.5180945199,"IKK":2.9942660024,"MEK":-0.052429337,"mTOR":null,"PI3K":3.0473128128,"TAK":1.3960531992,"TBK1":null},"CAR1":{"PLX":null,"IKK":3.7535633869,"MEK":2.7438402944,"mTOR":0.4205268208,"PI3K":0.9812417515,"TAK":0.7750175549,"TBK1":2.2031517185}}